File ID	File Name	Data Category	Data Type	Project ID	Case ID	Sample ID	Sample Type
a7474755-f3dc-4a63-bc79-b9d10ee278af	a1ef8ec0-27af-4096-a29b-fc0a62f364f4.rna_seq.augmented_star_gene_counts.tsv	Transcriptome Profiling	Gene Expression Quantification	TCGA-STAD	TCGA-HU-A4GN	TCGA-HU-A4GN-11A	Solid Tissue Normal
c3c6519e-fae9-4c38-b4fe-4ffad6d1e30d	60f82eb6-9d8f-4466-b3fb-d62739d8ded8.rna_seq.augmented_star_gene_counts.tsv	Transcriptome Profiling	Gene Expression Quantification	TCGA-STAD	TCGA-BR-8484	TCGA-BR-8484-01A	Primary Tumor
7615702f-581e-47fd-ae1f-a513daa4d2d2	3e67791f-50c3-4e19-a969-28f744cd3557.rna_seq.augmented_star_gene_counts.tsv	Transcriptome Profiling	Gene Expression Quantification	TCGA-STAD	TCGA-BR-8077	TCGA-BR-8077-01A	Primary Tumor
01aeccaf-0178-43d7-8273-b0bf9eeacddb	0fd97692-8c0f-42c4-820e-bf4313a40bc3.rna_seq.augmented_star_gene_counts.tsv	Transcriptome Profiling	Gene Expression Quantification	TCGA-STAD	TCGA-IP-7968	TCGA-IP-7968-11A	Solid Tissue Normal
f8bf2bd7-307f-44f1-a006-84ba418ab28f	8db61d16-8a3f-4ca2-8e5d-e3b49f8e6f3b.rna_seq.augmented_star_gene_counts.tsv	Transcriptome Profiling	Gene Expression Quantification	TCGA-STAD	TCGA-IP-7968	TCGA-IP-7968-01A	Primary Tumor
e64a2b4d-9e8b-4a1b-b648-d5c0f17aaebb	bb42384c-80ad-4b0d-97f3-2b58c17f3e30.rna_seq.augmented_star_gene_counts.tsv	Transcriptome Profiling	Gene Expression Quantification	TCGA-STAD	TCGA-VQ-AA64	TCGA-VQ-AA64-01A	Primary Tumor
fac193f5-1eaf-4d84-8fc9-ddfb5a85acd5	a66dc259-ed64-4abd-8a36-d7ec30e3cbed.rna_seq.augmented_star_gene_counts.tsv	Transcriptome Profiling	Gene Expression Quantification	TCGA-STAD	TCGA-RD-A8NB	TCGA-RD-A8NB-01A	Primary Tumor
d0b2538e-a08b-4305-8b9d-bc4a157fa0f4	5b3dea26-78fa-4643-97eb-d67b050b3871.rna_seq.augmented_star_gene_counts.tsv	Transcriptome Profiling	Gene Expression Quantification	TCGA-STAD	TCGA-HU-A4H0	TCGA-HU-A4H0-01A	Primary Tumor
61fac82c-6a81-49fb-8109-944c23c1a2c2	21b4dcd8-8df8-4c62-ad6a-a3ba92cc7300.rna_seq.augmented_star_gene_counts.tsv	Transcriptome Profiling	Gene Expression Quantification	TCGA-STAD	TCGA-BR-4369	TCGA-BR-4369-01A	Primary Tumor
861bb27b-38ad-4037-ba63-d2f5ed03e9c1	9a44f16e-ede8-4e51-b3b9-7490c3f01945.rna_seq.augmented_star_gene_counts.tsv	Transcriptome Profiling	Gene Expression Quantification	TCGA-STAD	TCGA-D7-A6EV	TCGA-D7-A6EV-01A	Primary Tumor
e5771265-3bea-491b-896a-a67e12933109	d8e9f94e-9f93-494c-a0d9-9bc777c33b82.rna_seq.augmented_star_gene_counts.tsv	Transcriptome Profiling	Gene Expression Quantification	TCGA-STAD	TCGA-BR-4361	TCGA-BR-4361-01A	Primary Tumor
d2403b0d-b44a-4c85-837d-a5d07e637deb	adb79bec-b6ce-4e6d-8186-4e9ded255229.rna_seq.augmented_star_gene_counts.tsv	Transcriptome Profiling	Gene Expression Quantification	TCGA-STAD	TCGA-VQ-A8PQ	TCGA-VQ-A8PQ-01A	Primary Tumor
ba129f6c-39b0-4308-ad29-c3afda0a79f7	8f73fc18-bbb8-43aa-a08e-07c990ead864.rna_seq.augmented_star_gene_counts.tsv	Transcriptome Profiling	Gene Expression Quantification	TCGA-STAD	TCGA-BR-8592	TCGA-BR-8592-01A	Primary Tumor
5bed00d7-15c7-45c2-b80d-0a771b5a3d2c	a73f63c6-f121-4b48-8b79-daf048a2e741.rna_seq.augmented_star_gene_counts.tsv	Transcriptome Profiling	Gene Expression Quantification	TCGA-STAD	TCGA-FP-8209	TCGA-FP-8209-01A	Primary Tumor
7e042c9c-9f05-4395-8e8a-2ad8663a6566	aca7074f-cb2e-479f-813f-aabb6c1a1022.rna_seq.augmented_star_gene_counts.tsv	Transcriptome Profiling	Gene Expression Quantification	TCGA-STAD	TCGA-BR-8059	TCGA-BR-8059-01A	Primary Tumor
31b3f4f1-1831-4989-9cfe-4226a2a7467e	8b9beba6-4ddb-4767-a818-1ea813a0d49d.rna_seq.augmented_star_gene_counts.tsv	Transcriptome Profiling	Gene Expression Quantification	TCGA-STAD	TCGA-BR-6801	TCGA-BR-6801-01A	Primary Tumor
d9a4759d-c86e-4c40-bcb1-c826997cbe14	8507266a-fb63-48f6-b4af-a4083fdba4ff.rna_seq.augmented_star_gene_counts.tsv	Transcriptome Profiling	Gene Expression Quantification	TCGA-STAD	TCGA-FP-8211	TCGA-FP-8211-01A	Primary Tumor
7f71c265-1d9c-497e-93a0-ae30d74c38ca	2c33ceb6-5fc8-447d-b800-7652a4e08048.rna_seq.augmented_star_gene_counts.tsv	Transcriptome Profiling	Gene Expression Quantification	TCGA-STAD	TCGA-CG-5717	TCGA-CG-5717-01A	Primary Tumor
3e145832-eab0-4625-8ee0-9d677a4b4fc6	e1a1f30a-2ace-450b-abcf-517b7c625905.rna_seq.augmented_star_gene_counts.tsv	Transcriptome Profiling	Gene Expression Quantification	TCGA-STAD	TCGA-BR-8081	TCGA-BR-8081-01A	Primary Tumor
1460c849-9737-4bfd-9260-d212c67993a3	50981b89-3b5a-4aa3-a8f9-12bd7f35a46f.rna_seq.augmented_star_gene_counts.tsv	Transcriptome Profiling	Gene Expression Quantification	TCGA-STAD	TCGA-CG-5719	TCGA-CG-5719-01A	Primary Tumor
eaca674b-01d5-4e82-8dd4-c7b170e36064	5648c645-f206-47c4-b7c8-f5529bccee6e.rna_seq.augmented_star_gene_counts.tsv	Transcriptome Profiling	Gene Expression Quantification	TCGA-STAD	TCGA-BR-8368	TCGA-BR-8368-01A	Primary Tumor
8e1ba728-e38a-4d58-941c-39463265c16b	fd3247c6-40c4-4d55-93c0-52610eda8612.rna_seq.augmented_star_gene_counts.tsv	Transcriptome Profiling	Gene Expression Quantification	TCGA-STAD	TCGA-D7-8575	TCGA-D7-8575-01A	Primary Tumor
7ca5701e-8e7e-4238-8225-7928a4c15e18	cb5d2e35-c924-4bab-a5bc-eb3ebea511a6.rna_seq.augmented_star_gene_counts.tsv	Transcriptome Profiling	Gene Expression Quantification	TCGA-STAD	TCGA-HU-A4H4	TCGA-HU-A4H4-01A	Primary Tumor
a64fb136-5967-4826-9b32-e1f580e08ea3	c4150499-8f97-40ee-b1ed-96aa509ea67c.rna_seq.augmented_star_gene_counts.tsv	Transcriptome Profiling	Gene Expression Quantification	TCGA-STAD	TCGA-VQ-A925	TCGA-VQ-A925-01A	Primary Tumor
0a51d6e0-82de-43b1-b72e-790d57ca9018	5c84144f-68b0-4f96-8b53-5a43a6f83847.rna_seq.augmented_star_gene_counts.tsv	Transcriptome Profiling	Gene Expression Quantification	TCGA-STAD	TCGA-BR-6710	TCGA-BR-6710-01A	Primary Tumor
b8275137-3052-4f60-b11d-f15499863648	5cf193ab-5d52-47cb-a515-7855ed1099c7.rna_seq.augmented_star_gene_counts.tsv	Transcriptome Profiling	Gene Expression Quantification	TCGA-STAD	TCGA-RD-A7BT	TCGA-RD-A7BT-01A	Primary Tumor
d2d3d17f-68a1-41c1-a531-386f2f8d3138	f93a6ab1-8927-4556-8986-7fe8192117a6.rna_seq.augmented_star_gene_counts.tsv	Transcriptome Profiling	Gene Expression Quantification	TCGA-STAD	TCGA-CG-4438	TCGA-CG-4438-01A	Primary Tumor
2882a2f7-841e-462b-9927-8f4f35944098	5e617dd4-bbc7-4fdb-bd67-9c7a8a3f8004.rna_seq.augmented_star_gene_counts.tsv	Transcriptome Profiling	Gene Expression Quantification	TCGA-STAD	TCGA-VQ-A8PB	TCGA-VQ-A8PB-01A	Primary Tumor
83f574a9-a777-4ac2-8060-f71e81f23f7e	4ebbb47b-907e-445d-964f-f1cf85f33aba.rna_seq.augmented_star_gene_counts.tsv	Transcriptome Profiling	Gene Expression Quantification	TCGA-STAD	TCGA-CD-A4MG	TCGA-CD-A4MG-01A	Primary Tumor
efa7774a-f842-4628-8232-f4f245c0402c	90b28b19-082f-4b06-b351-bbc18f8723b8.rna_seq.augmented_star_gene_counts.tsv	Transcriptome Profiling	Gene Expression Quantification	TCGA-STAD	TCGA-BR-8679	TCGA-BR-8679-01A	Primary Tumor
6a8033f9-8dcd-404a-ad51-b9063f92eff6	e4ccb76d-90cd-48d5-83d7-09d1aab4f439.rna_seq.augmented_star_gene_counts.tsv	Transcriptome Profiling	Gene Expression Quantification	TCGA-STAD	TCGA-VQ-A8P8	TCGA-VQ-A8P8-01A	Primary Tumor
6d3a05a6-faa8-4c6d-8945-24d17636470a	12b8ad2c-fb18-4df8-af9c-ed9048385ad1.rna_seq.augmented_star_gene_counts.tsv	Transcriptome Profiling	Gene Expression Quantification	TCGA-STAD	TCGA-HU-A4GJ	TCGA-HU-A4GJ-01A	Primary Tumor
a990aca5-8d28-471d-9b18-0422d6fafe25	2a3366a1-084f-4e33-a862-84d7dd2f66ab.rna_seq.augmented_star_gene_counts.tsv	Transcriptome Profiling	Gene Expression Quantification	TCGA-STAD	TCGA-BR-6457	TCGA-BR-6457-01A	Primary Tumor
84241123-0f4c-40de-b0b4-b9966af2c101	ecb8a3ae-3e47-4e49-ba02-075eb69424d7.rna_seq.augmented_star_gene_counts.tsv	Transcriptome Profiling	Gene Expression Quantification	TCGA-STAD	TCGA-BR-6457	TCGA-BR-6457-11A	Solid Tissue Normal
b50421e7-b9d6-4af9-b7b8-e47b9d1c69d3	42916fbd-5c6f-4ecd-b95d-750709ef2f60.rna_seq.augmented_star_gene_counts.tsv	Transcriptome Profiling	Gene Expression Quantification	TCGA-STAD	TCGA-HF-7131	TCGA-HF-7131-01A	Primary Tumor
01d56ce3-1163-42a5-a532-f584c5d6a01e	2c5fb987-ee2b-497d-8644-7846919474f9.rna_seq.augmented_star_gene_counts.tsv	Transcriptome Profiling	Gene Expression Quantification	TCGA-STAD	TCGA-BR-7851	TCGA-BR-7851-01A	Primary Tumor
6234795a-a63a-4234-bc8b-a989a646a065	ec414cda-cfd3-4d40-924f-5a992046b273.rna_seq.augmented_star_gene_counts.tsv	Transcriptome Profiling	Gene Expression Quantification	TCGA-STAD	TCGA-BR-7851	TCGA-BR-7851-11A	Solid Tissue Normal
07641b94-88bc-4aad-a266-5e1b84c099ff	84f803bd-de01-4f17-9fb0-95e2a2f8f760.rna_seq.augmented_star_gene_counts.tsv	Transcriptome Profiling	Gene Expression Quantification	TCGA-STAD	TCGA-CG-5730	TCGA-CG-5730-11A	Solid Tissue Normal
0390dab8-28c2-466f-8d58-07870b2f0a49	18a31548-b59b-45dd-87ee-5f2306f4b335.rna_seq.augmented_star_gene_counts.tsv	Transcriptome Profiling	Gene Expression Quantification	TCGA-STAD	TCGA-CD-8530	TCGA-CD-8530-01A	Primary Tumor
fc86ad47-b057-4abf-bcbf-179e1f1ccbee	0922a063-c62a-4ec3-8b50-ecfb47c6c515.rna_seq.augmented_star_gene_counts.tsv	Transcriptome Profiling	Gene Expression Quantification	TCGA-STAD	TCGA-FP-A4BF	TCGA-FP-A4BF-01A	Primary Tumor
ce81a776-fb72-46ac-bce6-c9ea6144350a	adb9ca44-2f7d-4408-8897-0680cf338a18.rna_seq.augmented_star_gene_counts.tsv	Transcriptome Profiling	Gene Expression Quantification	TCGA-STAD	TCGA-CG-5724	TCGA-CG-5724-01A	Primary Tumor
b0ae2c31-aab0-4390-b305-14d048ce26b1	6efd0395-fce4-4e3a-b597-5a98ea4fafc4.rna_seq.augmented_star_gene_counts.tsv	Transcriptome Profiling	Gene Expression Quantification	TCGA-STAD	TCGA-RD-A8MW	TCGA-RD-A8MW-01A	Primary Tumor
ad1259c4-dc81-4979-a824-b48b151cf259	2c11c6a0-ea4c-4961-b528-d4f3301c9db4.rna_seq.augmented_star_gene_counts.tsv	Transcriptome Profiling	Gene Expression Quantification	TCGA-STAD	TCGA-VQ-A8PJ	TCGA-VQ-A8PJ-01A	Primary Tumor
a7eec2a7-1665-4d09-aac5-8f3a4bdf8ea3	56c5bf98-1674-4469-8d7e-59a0e8714801.rna_seq.augmented_star_gene_counts.tsv	Transcriptome Profiling	Gene Expression Quantification	TCGA-STAD	TCGA-BR-4267	TCGA-BR-4267-01A	Primary Tumor
70f377db-f45e-4f05-925d-5bef0b5d18a6	ed4e67a6-016d-4b4b-a6e2-bc4fcc121ebf.rna_seq.augmented_star_gene_counts.tsv	Transcriptome Profiling	Gene Expression Quantification	TCGA-STAD	TCGA-BR-7957	TCGA-BR-7957-01A	Primary Tumor
ebe30efb-3057-4cab-acbc-327b282d9025	492dc459-1a9c-43b1-9021-9225518145ba.rna_seq.augmented_star_gene_counts.tsv	Transcriptome Profiling	Gene Expression Quantification	TCGA-STAD	TCGA-CG-5723	TCGA-CG-5723-01A	Primary Tumor
5b698e6e-6042-4c5f-a3f5-6c2732367e36	71106ad8-a2c4-4337-9682-c407356d39ef.rna_seq.augmented_star_gene_counts.tsv	Transcriptome Profiling	Gene Expression Quantification	TCGA-STAD	TCGA-BR-A4J6	TCGA-BR-A4J6-01A	Primary Tumor
facb37d5-7941-489c-9aa2-17288ed9a9d6	17c032b0-8c5f-4227-9a8b-cac59576ce8f.rna_seq.augmented_star_gene_counts.tsv	Transcriptome Profiling	Gene Expression Quantification	TCGA-STAD	TCGA-BR-8591	TCGA-BR-8591-01A	Primary Tumor
f63a6159-e887-41f9-b2c1-99145b8e43b8	ff23e56e-d451-4fc2-bc87-2d90955db34b.rna_seq.augmented_star_gene_counts.tsv	Transcriptome Profiling	Gene Expression Quantification	TCGA-STAD	TCGA-BR-A4PF	TCGA-BR-A4PF-01A	Primary Tumor
1b7c5052-6dd0-4fff-bc47-a971e5d60919	447ea4ce-3bc6-4dfe-8b7c-abea11977a56.rna_seq.augmented_star_gene_counts.tsv	Transcriptome Profiling	Gene Expression Quantification	TCGA-STAD	TCGA-F1-6874	TCGA-F1-6874-01A	Primary Tumor
ce9debeb-5d18-4227-ad14-518907bcf10c	47c7e174-a77b-46c1-8bcc-57cefd8763b1.rna_seq.augmented_star_gene_counts.tsv	Transcriptome Profiling	Gene Expression Quantification	TCGA-STAD	TCGA-BR-4279	TCGA-BR-4279-01A	Primary Tumor
cf9c0585-9e4a-4932-9007-a13a5e58741c	f3750415-824f-406b-ae6a-0f52b001c0f8.rna_seq.augmented_star_gene_counts.tsv	Transcriptome Profiling	Gene Expression Quantification	TCGA-STAD	TCGA-BR-4187	TCGA-BR-4187-01A	Primary Tumor
c2846940-266d-4f82-9524-74a8424fec54	3b85762d-91f0-4577-8c67-061d26c46510.rna_seq.augmented_star_gene_counts.tsv	Transcriptome Profiling	Gene Expression Quantification	TCGA-STAD	TCGA-CG-5728	TCGA-CG-5728-11A	Solid Tissue Normal
64924e7b-a995-4f24-ad11-3dcef0de17c7	ce479b99-fcc5-4d40-bc61-26da64d4c059.rna_seq.augmented_star_gene_counts.tsv	Transcriptome Profiling	Gene Expression Quantification	TCGA-STAD	TCGA-CG-5725	TCGA-CG-5725-01A	Primary Tumor
9ef848a2-b65c-4d02-9202-a2a60ce21f28	4a93df9a-826d-4e05-aa58-3897a579767c.rna_seq.augmented_star_gene_counts.tsv	Transcriptome Profiling	Gene Expression Quantification	TCGA-STAD	TCGA-HU-8610	TCGA-HU-8610-01A	Primary Tumor
c423b6dd-3d96-4207-8fc7-14e43bf01ac8	c9755c9b-150d-472b-88ec-004a98a76344.rna_seq.augmented_star_gene_counts.tsv	Transcriptome Profiling	Gene Expression Quantification	TCGA-STAD	TCGA-HU-A4GC	TCGA-HU-A4GC-11A	Solid Tissue Normal
0f5b4487-e417-48f7-9cc9-03335c089d94	1d586b59-9a32-4cfc-b8dc-fa5bc0869a45.rna_seq.augmented_star_gene_counts.tsv	Transcriptome Profiling	Gene Expression Quantification	TCGA-STAD	TCGA-HU-A4GC	TCGA-HU-A4GC-01A	Primary Tumor
fa2364e1-1d9c-43c3-8836-c4f6b204160d	8246417a-da0a-4330-af7e-cb382a28cc3f.rna_seq.augmented_star_gene_counts.tsv	Transcriptome Profiling	Gene Expression Quantification	TCGA-STAD	TCGA-CD-5813	TCGA-CD-5813-01A	Primary Tumor
bdfd291c-ce84-49e2-a670-5158682842e2	296189e3-b7ee-4c0c-9ffe-2205c05bef0c.rna_seq.augmented_star_gene_counts.tsv	Transcriptome Profiling	Gene Expression Quantification	TCGA-STAD	TCGA-RD-A8N2	TCGA-RD-A8N2-01A	Primary Tumor
077678d6-c92a-4616-87c8-39f64fd561df	65682fe1-6570-4cdb-9d59-0e339a99ed76.rna_seq.augmented_star_gene_counts.tsv	Transcriptome Profiling	Gene Expression Quantification	TCGA-STAD	TCGA-HU-A4G8	TCGA-HU-A4G8-01A	Primary Tumor
6f9dfc53-835c-437d-9dac-28be49c1cb7a	f05796e8-66e1-410d-a5e7-c545e1716f4d.rna_seq.augmented_star_gene_counts.tsv	Transcriptome Profiling	Gene Expression Quantification	TCGA-STAD	TCGA-VQ-A8P5	TCGA-VQ-A8P5-01A	Primary Tumor
769b658c-ebc3-4609-884a-edc61f3aea77	f693ddb1-a57a-4ab0-b0c6-21eb7da3889b.rna_seq.augmented_star_gene_counts.tsv	Transcriptome Profiling	Gene Expression Quantification	TCGA-STAD	TCGA-RD-A8MV	TCGA-RD-A8MV-01A	Primary Tumor
e432e35e-f1d9-467d-8423-c484ceb1bfa1	4ed55c3d-5083-4f99-ae46-2774e76dbe96.rna_seq.augmented_star_gene_counts.tsv	Transcriptome Profiling	Gene Expression Quantification	TCGA-STAD	TCGA-BR-8678	TCGA-BR-8678-01A	Primary Tumor
d008a5a9-1572-4f5e-b279-8aa05983243c	19bf69e1-2a0e-405f-bbea-e063bcaa0716.rna_seq.augmented_star_gene_counts.tsv	Transcriptome Profiling	Gene Expression Quantification	TCGA-STAD	TCGA-CG-4477	TCGA-CG-4477-01A	Primary Tumor
be6ec85f-af53-48fa-a453-fb6bbfddb71a	af8d7aba-82b1-4506-b9ea-406dfaf5c884.rna_seq.augmented_star_gene_counts.tsv	Transcriptome Profiling	Gene Expression Quantification	TCGA-STAD	TCGA-KB-A6F7	TCGA-KB-A6F7-01A	Primary Tumor
253227aa-d66e-4904-8809-445e19ade951	4383e84b-e3a8-4ee7-bf1b-fad114691e99.rna_seq.augmented_star_gene_counts.tsv	Transcriptome Profiling	Gene Expression Quantification	TCGA-STAD	TCGA-CD-8528	TCGA-CD-8528-01A	Primary Tumor
813f79f5-0666-4f77-8b97-afae07aa7774	cfd0ad27-4d16-4d59-93ec-0674e2505077.rna_seq.augmented_star_gene_counts.tsv	Transcriptome Profiling	Gene Expression Quantification	TCGA-STAD	TCGA-BR-8485	TCGA-BR-8485-01A	Primary Tumor
6c6ec0ef-2532-4021-8c72-74f82fe5fdbb	f7922549-c348-4594-a229-af9cbe38ddc6.rna_seq.augmented_star_gene_counts.tsv	Transcriptome Profiling	Gene Expression Quantification	TCGA-STAD	TCGA-FP-8631	TCGA-FP-8631-01A	Primary Tumor
3d0c8d57-b6a8-49c2-840a-fcbd75350d77	b120d22d-2171-47b5-b510-7498b0c1178b.rna_seq.augmented_star_gene_counts.tsv	Transcriptome Profiling	Gene Expression Quantification	TCGA-STAD	TCGA-D7-A6EX	TCGA-D7-A6EX-01A	Primary Tumor
c4348aa3-6cac-4403-a53c-5ff39ba2954a	7b4deda0-72f1-422a-93b9-36bc0cc8079a.rna_seq.augmented_star_gene_counts.tsv	Transcriptome Profiling	Gene Expression Quantification	TCGA-STAD	TCGA-BR-7196	TCGA-BR-7196-01A	Primary Tumor
5fd89019-fec3-4ff9-ba43-52dc16721c13	744526fc-95b3-452e-8556-21700b56953d.rna_seq.augmented_star_gene_counts.tsv	Transcriptome Profiling	Gene Expression Quantification	TCGA-STAD	TCGA-CD-8527	TCGA-CD-8527-01A	Primary Tumor
8c401a10-c3ca-425a-ba31-97fb7f4958f1	75942e8d-e11f-47e0-a255-1377abcaf3b6.rna_seq.augmented_star_gene_counts.tsv	Transcriptome Profiling	Gene Expression Quantification	TCGA-STAD	TCGA-BR-6456	TCGA-BR-6456-01A	Primary Tumor
043d76e7-39ae-4abe-a87c-50752ac8def2	0d8e9082-ebf6-4511-9543-c12e22057b2b.rna_seq.augmented_star_gene_counts.tsv	Transcriptome Profiling	Gene Expression Quantification	TCGA-STAD	TCGA-FP-7735	TCGA-FP-7735-01A	Primary Tumor
d83b729b-00a6-405f-bcf7-7a445329cfda	36414e85-df5b-48b1-aac7-99a200289288.rna_seq.augmented_star_gene_counts.tsv	Transcriptome Profiling	Gene Expression Quantification	TCGA-STAD	TCGA-FP-7735	TCGA-FP-7735-11A	Solid Tissue Normal
397b57db-ab6a-4088-9106-9ecadcb59f53	6faaeb84-a771-4f31-88f6-df304396340d.rna_seq.augmented_star_gene_counts.tsv	Transcriptome Profiling	Gene Expression Quantification	TCGA-STAD	TCGA-HF-7134	TCGA-HF-7134-01A	Primary Tumor
ec4af4bb-2de5-4489-95bc-95dc8ae8df39	e01c2917-39de-4d7d-bcc2-710ee3f18555.rna_seq.augmented_star_gene_counts.tsv	Transcriptome Profiling	Gene Expression Quantification	TCGA-STAD	TCGA-D7-8570	TCGA-D7-8570-01A	Primary Tumor
671375b5-c164-4fee-a46e-0b8adfe7dce6	18d93e95-6063-470e-9fc2-b3387a786713.rna_seq.augmented_star_gene_counts.tsv	Transcriptome Profiling	Gene Expression Quantification	TCGA-STAD	TCGA-IN-AB1X	TCGA-IN-AB1X-01A	Primary Tumor
fc9c9c65-6c7b-4fa7-87c2-dcc7d6906350	ebbe416a-c579-4822-96df-66f90af4ecab.rna_seq.augmented_star_gene_counts.tsv	Transcriptome Profiling	Gene Expression Quantification	TCGA-STAD	TCGA-IN-AB1X	TCGA-IN-AB1X-11A	Solid Tissue Normal
e06c4d6b-c3c8-43d9-9a07-fdd1112270f0	f66a8eaf-07a1-4c10-9291-3008cc94c467.rna_seq.augmented_star_gene_counts.tsv	Transcriptome Profiling	Gene Expression Quantification	TCGA-STAD	TCGA-BR-A4J8	TCGA-BR-A4J8-01A	Primary Tumor
5b21baf7-ee3e-4469-b4cc-40b9340e3e9b	da183024-4c3d-41cf-8536-e2db382266c2.rna_seq.augmented_star_gene_counts.tsv	Transcriptome Profiling	Gene Expression Quantification	TCGA-STAD	TCGA-BR-7958	TCGA-BR-7958-01A	Primary Tumor
a4bd5d94-5d97-4e9a-9974-dcfe86295de1	06249d27-c874-4e12-a973-6c4de7f30eb8.rna_seq.augmented_star_gene_counts.tsv	Transcriptome Profiling	Gene Expression Quantification	TCGA-STAD	TCGA-CD-A4MH	TCGA-CD-A4MH-01A	Primary Tumor
c7ddb1a5-2082-4138-8535-d4cf866d35bd	af53e8b9-585a-4eae-8263-170730481ae7.rna_seq.augmented_star_gene_counts.tsv	Transcriptome Profiling	Gene Expression Quantification	TCGA-STAD	TCGA-RD-A8N0	TCGA-RD-A8N0-01A	Primary Tumor
e959cda2-d6c3-474e-abc7-fdadb88996b7	670adadb-bb6e-4b38-b67f-a9697d3e4ca1.rna_seq.augmented_star_gene_counts.tsv	Transcriptome Profiling	Gene Expression Quantification	TCGA-STAD	TCGA-BR-8060	TCGA-BR-8060-01A	Primary Tumor
689034a5-8e16-4f82-8ec8-6c6452ae1542	328260a1-b6e8-4c30-8d7f-d62bc8fac555.rna_seq.augmented_star_gene_counts.tsv	Transcriptome Profiling	Gene Expression Quantification	TCGA-STAD	TCGA-BR-8060	TCGA-BR-8060-11A	Solid Tissue Normal
63651c7c-c17a-46d3-8720-c6e52ce1e4c2	dfb9b39b-08cd-42c3-b59f-22eb1cfa0b53.rna_seq.augmented_star_gene_counts.tsv	Transcriptome Profiling	Gene Expression Quantification	TCGA-STAD	TCGA-D7-A6EZ	TCGA-D7-A6EZ-01A	Primary Tumor
f3edd70c-1102-42a4-85f5-f7da9dd12e97	3f0d2832-b9d2-4172-86af-949555e60a21.rna_seq.augmented_star_gene_counts.tsv	Transcriptome Profiling	Gene Expression Quantification	TCGA-STAD	TCGA-BR-8291	TCGA-BR-8291-01A	Primary Tumor
cd9dee0a-83c4-48da-8bc7-73b802d0f86d	46d6cf12-1870-4776-9d08-fa9de66028fa.rna_seq.augmented_star_gene_counts.tsv	Transcriptome Profiling	Gene Expression Quantification	TCGA-STAD	TCGA-BR-8296	TCGA-BR-8296-01A	Primary Tumor
926cc4ee-1464-4e4d-9426-742d70d549e8	c83551aa-609d-4b40-b93a-03a18d344737.rna_seq.augmented_star_gene_counts.tsv	Transcriptome Profiling	Gene Expression Quantification	TCGA-STAD	TCGA-IN-A7NU	TCGA-IN-A7NU-01A	Primary Tumor
d30e3362-d007-4dee-8d8e-3456c89869d0	90f44e90-7bad-4b6c-9cf9-e8b92ea5d373.rna_seq.augmented_star_gene_counts.tsv	Transcriptome Profiling	Gene Expression Quantification	TCGA-STAD	TCGA-RD-A8N4	TCGA-RD-A8N4-01A	Primary Tumor
51fe8951-76c6-45f0-8846-189ba3b077d3	f79c230d-8599-4f7d-9911-dca3c620e442.rna_seq.augmented_star_gene_counts.tsv	Transcriptome Profiling	Gene Expression Quantification	TCGA-STAD	TCGA-VQ-A8PC	TCGA-VQ-A8PC-01A	Primary Tumor
a651eed5-ebad-4546-97f1-5816ffdea752	cce82505-bf1b-4b33-9359-9cf9a75e3f4b.rna_seq.augmented_star_gene_counts.tsv	Transcriptome Profiling	Gene Expression Quantification	TCGA-STAD	TCGA-BR-6452	TCGA-BR-6452-01A	Primary Tumor
579b98e5-1ecd-400e-a0bb-40ddf28fd75d	11cac12f-1af5-4274-8a96-58f5b16b4fb8.rna_seq.augmented_star_gene_counts.tsv	Transcriptome Profiling	Gene Expression Quantification	TCGA-STAD	TCGA-F1-6875	TCGA-F1-6875-01A	Primary Tumor
b59e69ac-544b-49a1-a805-15ef065885ab	4aa404c5-683d-4275-8806-45568beda8ea.rna_seq.augmented_star_gene_counts.tsv	Transcriptome Profiling	Gene Expression Quantification	TCGA-STAD	TCGA-BR-7703	TCGA-BR-7703-11A	Solid Tissue Normal
46dd597b-96f6-46d3-ac95-18c9d2f42bda	55464269-7892-426e-bbc4-96eead7bd59e.rna_seq.augmented_star_gene_counts.tsv	Transcriptome Profiling	Gene Expression Quantification	TCGA-STAD	TCGA-VQ-A91K	TCGA-VQ-A91K-01A	Primary Tumor
f35c61f2-3612-46ee-99ee-8c853d24eaa2	cf100983-e310-461d-b4e8-b5b9acf3eb7c.rna_seq.augmented_star_gene_counts.tsv	Transcriptome Profiling	Gene Expression Quantification	TCGA-STAD	TCGA-CG-5734	TCGA-CG-5734-01A	Primary Tumor
679a876c-3348-426f-8892-f5723d2b689f	e87beab5-8010-43eb-9208-b801c61d8af8.rna_seq.augmented_star_gene_counts.tsv	Transcriptome Profiling	Gene Expression Quantification	TCGA-STAD	TCGA-CG-5734	TCGA-CG-5734-11A	Solid Tissue Normal
566de25e-1062-4ccc-b9c0-82eb59eb031b	5ef0c5aa-d8a5-4508-8a9e-a60ff8d2ac35.rna_seq.augmented_star_gene_counts.tsv	Transcriptome Profiling	Gene Expression Quantification	TCGA-STAD	TCGA-IN-A6RJ	TCGA-IN-A6RJ-01A	Primary Tumor
d7fdc7b0-1f20-4f1e-a005-d40b981597f8	8f5abd86-92dc-4d7c-853f-ebc9979dd63a.rna_seq.augmented_star_gene_counts.tsv	Transcriptome Profiling	Gene Expression Quantification	TCGA-STAD	TCGA-BR-A4CS	TCGA-BR-A4CS-01A	Primary Tumor
187e578c-f552-49e8-89f8-15032dc8c06a	3f42e0b8-7e82-48e2-a138-5d6e527e7b0e.rna_seq.augmented_star_gene_counts.tsv	Transcriptome Profiling	Gene Expression Quantification	TCGA-STAD	TCGA-CG-4469	TCGA-CG-4469-01A	Primary Tumor
8497bf03-d710-44e2-96e2-bec5bc13e0ff	c0001d9c-5303-4581-80ea-e29b04ddeeb7.rna_seq.augmented_star_gene_counts.tsv	Transcriptome Profiling	Gene Expression Quantification	TCGA-STAD	TCGA-IN-A6RO	TCGA-IN-A6RO-01A	Primary Tumor
b1c724c0-0537-4f3d-b570-bf79c5b8adb2	d807986d-eb01-4213-bb61-578b1d85d3ad.rna_seq.augmented_star_gene_counts.tsv	Transcriptome Profiling	Gene Expression Quantification	TCGA-STAD	TCGA-D7-A4YX	TCGA-D7-A4YX-01A	Primary Tumor
afeb604f-efd9-4bbf-9d8a-09e1329c2328	1d69cb75-6af4-4fa9-aa40-fe66e6258f9e.rna_seq.augmented_star_gene_counts.tsv	Transcriptome Profiling	Gene Expression Quantification	TCGA-STAD	TCGA-D7-5577	TCGA-D7-5577-01A	Primary Tumor
0e4c814a-4be4-4f69-81ca-5f3ed13b267e	1ba6cf5f-1fe4-43cd-af13-e9c61b606418.rna_seq.augmented_star_gene_counts.tsv	Transcriptome Profiling	Gene Expression Quantification	TCGA-STAD	TCGA-VQ-A91E	TCGA-VQ-A91E-01A	Primary Tumor
d05c7b4a-4b41-4f17-8354-6b8ca16496fa	dab9bcda-0807-4cd8-83c8-93ea87ea288e.rna_seq.augmented_star_gene_counts.tsv	Transcriptome Profiling	Gene Expression Quantification	TCGA-STAD	TCGA-CG-4466	TCGA-CG-4466-01A	Primary Tumor
4ecb3498-797c-428b-a24d-54bdfcdaf321	3bdaae29-cdab-4075-9108-d75e42a6bfea.rna_seq.augmented_star_gene_counts.tsv	Transcriptome Profiling	Gene Expression Quantification	TCGA-STAD	TCGA-BR-6803	TCGA-BR-6803-01A	Primary Tumor
4de9bfd3-23e1-4239-bf93-1d6a24aa14d7	be944345-b9a9-4266-86b5-226fb143cfee.rna_seq.augmented_star_gene_counts.tsv	Transcriptome Profiling	Gene Expression Quantification	TCGA-STAD	TCGA-BR-A4IV	TCGA-BR-A4IV-01A	Primary Tumor
d8e88a6a-6667-4d7a-9928-a40fdb1a75d8	e11512f4-7e24-46db-aa70-012fdfa82c0f.rna_seq.augmented_star_gene_counts.tsv	Transcriptome Profiling	Gene Expression Quantification	TCGA-STAD	TCGA-BR-8297	TCGA-BR-8297-01A	Primary Tumor
b36ac2c9-6e7f-4b36-a8b9-e195d0aecd4b	939a245a-9a75-4d37-a6a2-140d6101938a.rna_seq.augmented_star_gene_counts.tsv	Transcriptome Profiling	Gene Expression Quantification	TCGA-STAD	TCGA-CD-8524	TCGA-CD-8524-01A	Primary Tumor
15524eaa-d117-4744-803f-95f87eaff5f6	8d22d0cc-64cc-4264-85c0-81d4902bf770.rna_seq.augmented_star_gene_counts.tsv	Transcriptome Profiling	Gene Expression Quantification	TCGA-STAD	TCGA-VQ-A8PE	TCGA-VQ-A8PE-01A	Primary Tumor
6425462b-893f-476a-a8d5-2cfc7f32a401	9fde95e6-666a-4408-b3e7-136e9483bc9d.rna_seq.augmented_star_gene_counts.tsv	Transcriptome Profiling	Gene Expression Quantification	TCGA-STAD	TCGA-D7-A4YU	TCGA-D7-A4YU-01A	Primary Tumor
242f3034-c839-476d-94eb-7fc7a76644c3	b9feb8f1-87f6-463d-9e0b-14f626348e61.rna_seq.augmented_star_gene_counts.tsv	Transcriptome Profiling	Gene Expression Quantification	TCGA-STAD	TCGA-BR-8690	TCGA-BR-8690-01A	Primary Tumor
2468863e-1bde-407d-b247-292455e35839	1b06673a-c03b-48e4-a220-e9195c515c9e.rna_seq.augmented_star_gene_counts.tsv	Transcriptome Profiling	Gene Expression Quantification	TCGA-STAD	TCGA-CD-5803	TCGA-CD-5803-01A	Primary Tumor
ba8c1497-d1ac-4774-9961-30ac92112b3b	d12e3c11-bf04-4113-b8ed-f96e74fea205.rna_seq.augmented_star_gene_counts.tsv	Transcriptome Profiling	Gene Expression Quantification	TCGA-STAD	TCGA-VQ-A91D	TCGA-VQ-A91D-01A	Primary Tumor
965dbfad-808c-4a5c-b851-d0404252c767	36815240-07e6-422f-b2b6-76fe1c31c684.rna_seq.augmented_star_gene_counts.tsv	Transcriptome Profiling	Gene Expression Quantification	TCGA-STAD	TCGA-D7-6528	TCGA-D7-6528-01A	Primary Tumor
96191af1-65f5-46d5-842b-d218be368891	f5059c8a-5103-4a59-83a4-8cb9ccb943b9.rna_seq.augmented_star_gene_counts.tsv	Transcriptome Profiling	Gene Expression Quantification	TCGA-STAD	TCGA-FP-A9TM	TCGA-FP-A9TM-01A	Primary Tumor
44f31170-d929-4854-bda7-100f1b42279a	2fb40e3e-9b87-48e9-9278-83141610f249.rna_seq.augmented_star_gene_counts.tsv	Transcriptome Profiling	Gene Expression Quantification	TCGA-STAD	TCGA-HU-A4HB	TCGA-HU-A4HB-01A	Primary Tumor
e3973074-5d3e-48e4-8447-f8ebc008b12e	f887a847-86dc-41be-9b36-a9c0a2ca94c9.rna_seq.augmented_star_gene_counts.tsv	Transcriptome Profiling	Gene Expression Quantification	TCGA-STAD	TCGA-HU-A4HB	TCGA-HU-A4HB-11A	Solid Tissue Normal
72847735-c5bf-4fcb-8c3d-a6cb26d5d824	39638c16-5549-4ac9-ac5e-1432fda93e45.rna_seq.augmented_star_gene_counts.tsv	Transcriptome Profiling	Gene Expression Quantification	TCGA-STAD	TCGA-VQ-A91U	TCGA-VQ-A91U-01A	Primary Tumor
d99b539b-d673-4ac5-9bef-f441b739441a	f280f479-39a1-4aa5-a574-5a5941313918.rna_seq.augmented_star_gene_counts.tsv	Transcriptome Profiling	Gene Expression Quantification	TCGA-STAD	TCGA-CG-4441	TCGA-CG-4441-01A	Primary Tumor
c4b77bd4-fae2-4cbd-8556-63823939c5f6	c84fcf80-2e54-4890-839e-ac187d38431f.rna_seq.augmented_star_gene_counts.tsv	Transcriptome Profiling	Gene Expression Quantification	TCGA-STAD	TCGA-D7-A747	TCGA-D7-A747-01A	Primary Tumor
8be9c288-4e8a-45b2-80d9-00fe0439f782	e9eaff12-f225-499b-8b9c-fab6db23fdc6.rna_seq.augmented_star_gene_counts.tsv	Transcriptome Profiling	Gene Expression Quantification	TCGA-STAD	TCGA-BR-A4J7	TCGA-BR-A4J7-01A	Primary Tumor
d6f1bec8-2387-436a-b219-10761c46ec88	94de0ec0-963e-484f-aae5-5cb3294b4f11.rna_seq.augmented_star_gene_counts.tsv	Transcriptome Profiling	Gene Expression Quantification	TCGA-STAD	TCGA-CD-8525	TCGA-CD-8525-01A	Primary Tumor
2d71c713-b01d-497c-b834-41c6464463f6	34686d7a-9491-43a0-b9e5-73431c1b6705.rna_seq.augmented_star_gene_counts.tsv	Transcriptome Profiling	Gene Expression Quantification	TCGA-STAD	TCGA-HU-A4H3	TCGA-HU-A4H3-01A	Primary Tumor
ef979a07-6db9-407a-bc9f-b6bb8b44ee29	7df1933f-5c06-4649-98f6-cfe22ab226de.rna_seq.augmented_star_gene_counts.tsv	Transcriptome Profiling	Gene Expression Quantification	TCGA-STAD	TCGA-HU-A4G2	TCGA-HU-A4G2-01A	Primary Tumor
326fcf4e-cfed-4dfd-9279-6e7b216e0d9a	0f7c9325-b017-4c2f-ba69-cbcf4d87d74c.rna_seq.augmented_star_gene_counts.tsv	Transcriptome Profiling	Gene Expression Quantification	TCGA-STAD	TCGA-R5-A7O7	TCGA-R5-A7O7-01A	Primary Tumor
2aa1c46b-2145-4009-be34-0e93dbfd462e	26080a1b-d146-4ffb-9276-dbc2343b717f.rna_seq.augmented_star_gene_counts.tsv	Transcriptome Profiling	Gene Expression Quantification	TCGA-STAD	TCGA-CG-4460	TCGA-CG-4460-01A	Primary Tumor
30f1f622-192d-4c3c-9d73-18fb9bd9b076	1f4688ec-fb79-4893-a4ff-acead4360293.rna_seq.augmented_star_gene_counts.tsv	Transcriptome Profiling	Gene Expression Quantification	TCGA-STAD	TCGA-D7-6520	TCGA-D7-6520-01A	Primary Tumor
2944bbd2-95c1-48b7-9d73-7ce7cc41148e	5c346e78-b718-45af-98ea-8355bcfb2fdf.rna_seq.augmented_star_gene_counts.tsv	Transcriptome Profiling	Gene Expression Quantification	TCGA-STAD	TCGA-VQ-A91A	TCGA-VQ-A91A-01A	Primary Tumor
a1e1c530-3f94-4c47-9a17-16f9cdd8098f	39ae95ac-ff00-4e07-87fa-1b1cd3cfae71.rna_seq.augmented_star_gene_counts.tsv	Transcriptome Profiling	Gene Expression Quantification	TCGA-STAD	TCGA-VQ-AA68	TCGA-VQ-AA68-01A	Primary Tumor
79f61de6-1ed3-434b-844d-e7a313d2d760	1455889c-26f3-4d83-aa90-271d6dbdea65.rna_seq.augmented_star_gene_counts.tsv	Transcriptome Profiling	Gene Expression Quantification	TCGA-STAD	TCGA-BR-8371	TCGA-BR-8371-01A	Primary Tumor
e1b8c6c0-44fd-44d8-8cf5-54633914d40f	f04599a6-23ee-4d90-89a6-c6bf54be1ad6.rna_seq.augmented_star_gene_counts.tsv	Transcriptome Profiling	Gene Expression Quantification	TCGA-STAD	TCGA-D7-A74A	TCGA-D7-A74A-01A	Primary Tumor
70ff36df-cbbf-47e5-9182-926e833bd365	3bca85e2-7b6c-4f0b-aca7-b9da212ced39.rna_seq.augmented_star_gene_counts.tsv	Transcriptome Profiling	Gene Expression Quantification	TCGA-STAD	TCGA-BR-4253	TCGA-BR-4253-01A	Primary Tumor
cb4c384b-8aa9-4f0c-9ba0-2f8948952a6d	b3fa254d-c343-424e-aea2-cc69f12b71d1.rna_seq.augmented_star_gene_counts.tsv	Transcriptome Profiling	Gene Expression Quantification	TCGA-STAD	TCGA-HU-A4GY	TCGA-HU-A4GY-11A	Solid Tissue Normal
be090476-289c-4332-99aa-945e1268019a	06a8e36b-8e49-438b-97a1-d599dfaed151.rna_seq.augmented_star_gene_counts.tsv	Transcriptome Profiling	Gene Expression Quantification	TCGA-STAD	TCGA-HU-A4GY	TCGA-HU-A4GY-01A	Primary Tumor
d8b9af53-3784-4302-a9d3-c7ef526557d3	c1fcba6e-4d89-4b7f-bee3-de4ae9900bc1.rna_seq.augmented_star_gene_counts.tsv	Transcriptome Profiling	Gene Expression Quantification	TCGA-STAD	TCGA-HU-A4H6	TCGA-HU-A4H6-01A	Primary Tumor
4ae5132b-ffba-449d-b81c-61ec321232f6	691e4c86-7ad9-40b7-9312-2d625472bf97.rna_seq.augmented_star_gene_counts.tsv	Transcriptome Profiling	Gene Expression Quantification	TCGA-STAD	TCGA-B7-A5TI	TCGA-B7-A5TI-01A	Primary Tumor
54257dae-a892-4b18-a6ec-779b352777df	913219af-5adc-4d64-8972-687acc29eb7c.rna_seq.augmented_star_gene_counts.tsv	Transcriptome Profiling	Gene Expression Quantification	TCGA-STAD	TCGA-HU-8604	TCGA-HU-8604-01A	Primary Tumor
f8007df7-e4ae-452e-96ea-42b9e83f3ec7	ae1cd429-235a-4008-9d32-a3e7d9f4479b.rna_seq.augmented_star_gene_counts.tsv	Transcriptome Profiling	Gene Expression Quantification	TCGA-STAD	TCGA-VQ-A928	TCGA-VQ-A928-01A	Primary Tumor
05089c58-fbb2-4556-9fea-6957aa26edc0	531ac954-cd59-4457-9966-b2b37f9e9235.rna_seq.augmented_star_gene_counts.tsv	Transcriptome Profiling	Gene Expression Quantification	TCGA-STAD	TCGA-MX-A5UJ	TCGA-MX-A5UJ-01A	Primary Tumor
b8d90716-550a-4abe-bd0f-58489030de2d	0203f8e9-dd4b-45f7-bc05-aff182ced29d.rna_seq.augmented_star_gene_counts.tsv	Transcriptome Profiling	Gene Expression Quantification	TCGA-STAD	TCGA-BR-6566	TCGA-BR-6566-01A	Primary Tumor
ff36547a-5887-46af-b0f5-99ea4c1baa96	b13b3f37-a06f-4484-81e3-c0d900d2f35c.rna_seq.augmented_star_gene_counts.tsv	Transcriptome Profiling	Gene Expression Quantification	TCGA-STAD	TCGA-CG-4476	TCGA-CG-4476-01A	Primary Tumor
01332795-f118-4e1a-b663-aa57c3fa68f9	fb5df607-fac5-4a5c-a705-4662b4960d7e.rna_seq.augmented_star_gene_counts.tsv	Transcriptome Profiling	Gene Expression Quantification	TCGA-STAD	TCGA-BR-6852	TCGA-BR-6852-01A	Primary Tumor
a90aca14-dc31-43be-b34e-18ceb5992b02	600a1d6a-de5e-4114-8a9d-2e4b35b25e5b.rna_seq.augmented_star_gene_counts.tsv	Transcriptome Profiling	Gene Expression Quantification	TCGA-STAD	TCGA-BR-4368	TCGA-BR-4368-01A	Primary Tumor
8c5f7577-1dc1-4b0c-aaae-e7ca09cf1062	fd7580e5-8eae-4234-b9ee-067aeaf1dd1c.rna_seq.augmented_star_gene_counts.tsv	Transcriptome Profiling	Gene Expression Quantification	TCGA-STAD	TCGA-FP-7829	TCGA-FP-7829-11A	Solid Tissue Normal
f98cd63a-45e9-431b-b18e-5452d19e6730	79a1bc35-6861-4542-8ac0-571e3821eec8.rna_seq.augmented_star_gene_counts.tsv	Transcriptome Profiling	Gene Expression Quantification	TCGA-STAD	TCGA-FP-7829	TCGA-FP-7829-01A	Primary Tumor
d9ceb831-3af0-4680-9888-7d193d091ac2	9df0e253-5b10-45e4-946a-6ba7d5fc832f.rna_seq.augmented_star_gene_counts.tsv	Transcriptome Profiling	Gene Expression Quantification	TCGA-STAD	TCGA-BR-8058	TCGA-BR-8058-01A	Primary Tumor
8ba521ec-5c02-47d4-a01d-03f820a387a0	d563ff4e-7e86-45eb-849b-3e7e5bdfd98e.rna_seq.augmented_star_gene_counts.tsv	Transcriptome Profiling	Gene Expression Quantification	TCGA-STAD	TCGA-VQ-AA69	TCGA-VQ-AA69-01A	Primary Tumor
76c9e634-97ff-4394-94b4-154e0ace34ee	ac951cff-7252-46d6-888c-f22fcb1d4a7f.rna_seq.augmented_star_gene_counts.tsv	Transcriptome Profiling	Gene Expression Quantification	TCGA-STAD	TCGA-RD-A8N1	TCGA-RD-A8N1-01A	Primary Tumor
f335580e-d867-4787-b871-b404422ff95b	09c5cb77-aec5-40ed-9c5d-be8238a35118.rna_seq.augmented_star_gene_counts.tsv	Transcriptome Profiling	Gene Expression Quantification	TCGA-STAD	TCGA-CG-5716	TCGA-CG-5716-01A	Primary Tumor
4094ea17-3110-4485-9259-33c796e11bb0	26b3bea7-d4a1-4172-a31d-1f8e93ee87b1.rna_seq.augmented_star_gene_counts.tsv	Transcriptome Profiling	Gene Expression Quantification	TCGA-STAD	TCGA-VQ-A91V	TCGA-VQ-A91V-01A	Primary Tumor
bb463965-3262-4e94-82e8-84fb6f2b6417	d5a2c23d-3761-477c-96e3-6e7cf41b7402.rna_seq.augmented_star_gene_counts.tsv	Transcriptome Profiling	Gene Expression Quantification	TCGA-STAD	TCGA-VQ-A91X	TCGA-VQ-A91X-01A	Primary Tumor
098fc5ac-95e0-44fa-babc-5d94723bb8c5	6f078a9c-6a40-4bff-b288-a79032ff1aa4.rna_seq.augmented_star_gene_counts.tsv	Transcriptome Profiling	Gene Expression Quantification	TCGA-STAD	TCGA-VQ-A923	TCGA-VQ-A923-01A	Primary Tumor
ed834ba2-ff9c-4fba-972c-babc9cbeb8a2	d6211193-c821-41e3-9ffa-c45339bee8e7.rna_seq.augmented_star_gene_counts.tsv	Transcriptome Profiling	Gene Expression Quantification	TCGA-STAD	TCGA-EQ-8122	TCGA-EQ-8122-01A	Primary Tumor
fd7f556e-757c-46d4-9fb8-8c8fb9de3c6d	cfe2b25b-8631-4f13-a8c6-6ecae68e8ff0.rna_seq.augmented_star_gene_counts.tsv	Transcriptome Profiling	Gene Expression Quantification	TCGA-STAD	TCGA-VQ-A8PO	TCGA-VQ-A8PO-01A	Primary Tumor
63c28b0a-83c4-4db2-8d07-e58b58595c49	f71c74d4-6013-43a7-8b32-98b5372e479a.rna_seq.augmented_star_gene_counts.tsv	Transcriptome Profiling	Gene Expression Quantification	TCGA-STAD	TCGA-B7-A5TK	TCGA-B7-A5TK-01A	Primary Tumor
717c5c8a-22dc-4bbb-b83e-f1f802c9e475	6a141549-ba99-4165-a9ce-d06c4f7ed3a5.rna_seq.augmented_star_gene_counts.tsv	Transcriptome Profiling	Gene Expression Quantification	TCGA-STAD	TCGA-D7-8578	TCGA-D7-8578-01A	Primary Tumor
f22cd4cb-39ce-4f6b-987d-dc14d24192dd	b05c8f01-c684-46b5-993c-7bb88d406fb1.rna_seq.augmented_star_gene_counts.tsv	Transcriptome Profiling	Gene Expression Quantification	TCGA-STAD	TCGA-BR-A4J9	TCGA-BR-A4J9-01A	Primary Tumor
202cd30b-08aa-4e57-9ac8-28f6b833e500	4a9310c0-004b-406e-86e5-f6b68c91883d.rna_seq.augmented_star_gene_counts.tsv	Transcriptome Profiling	Gene Expression Quantification	TCGA-STAD	TCGA-BR-4366	TCGA-BR-4366-01A	Primary Tumor
4aaeabc9-f6a6-4800-a7a8-7ca647f030a3	5497847f-de08-4359-864b-663bfad0e6e6.rna_seq.augmented_star_gene_counts.tsv	Transcriptome Profiling	Gene Expression Quantification	TCGA-STAD	TCGA-VQ-A8PH	TCGA-VQ-A8PH-01A	Primary Tumor
1b13c03f-41d1-44d2-a47e-77d37a5b4c0f	b69a488d-0e6c-4b95-8e88-8c51619b03f0.rna_seq.augmented_star_gene_counts.tsv	Transcriptome Profiling	Gene Expression Quantification	TCGA-STAD	TCGA-D7-6815	TCGA-D7-6815-01A	Primary Tumor
b223aa9f-af3e-4361-85dc-585bffb9f843	ec8949f8-ecf4-4f93-a502-fa62b9590ccd.rna_seq.augmented_star_gene_counts.tsv	Transcriptome Profiling	Gene Expression Quantification	TCGA-STAD	TCGA-IN-A7NT	TCGA-IN-A7NT-01A	Primary Tumor
26b9824e-483c-4fe4-9d88-3d82b81c8471	d3f5c696-cbdb-4478-8ebe-6865e2fd758d.rna_seq.augmented_star_gene_counts.tsv	Transcriptome Profiling	Gene Expression Quantification	TCGA-STAD	TCGA-BR-8365	TCGA-BR-8365-01A	Primary Tumor
e85dafa4-78e0-4bdf-b825-2a1bff7ca4ae	53b781df-5796-4562-98d0-6d3363ccbc10.rna_seq.augmented_star_gene_counts.tsv	Transcriptome Profiling	Gene Expression Quantification	TCGA-STAD	TCGA-B7-A5TJ	TCGA-B7-A5TJ-01A	Primary Tumor
576d6346-c4d4-4d06-b6e0-87da6ebbd0ee	8ddb2ea6-26fd-47cd-97dd-2ac669204446.rna_seq.augmented_star_gene_counts.tsv	Transcriptome Profiling	Gene Expression Quantification	TCGA-STAD	TCGA-CD-8535	TCGA-CD-8535-01A	Primary Tumor
6c5f48c9-15c3-4c04-bdff-f5eb998c55b0	5b5c24e9-f7b2-4ac7-ab0c-edac053511ba.rna_seq.augmented_star_gene_counts.tsv	Transcriptome Profiling	Gene Expression Quantification	TCGA-STAD	TCGA-VQ-A8PK	TCGA-VQ-A8PK-01A	Primary Tumor
85978834-dfaf-42f8-92be-6e9796ee5303	dde3486a-9ce4-469d-ae5f-d551df78277a.rna_seq.augmented_star_gene_counts.tsv	Transcriptome Profiling	Gene Expression Quantification	TCGA-STAD	TCGA-VQ-AA6D	TCGA-VQ-AA6D-01A	Primary Tumor
c1bbf114-1078-4925-8cb5-6772fe199cdb	44b89131-757f-4f93-9e83-b7011ee83266.rna_seq.augmented_star_gene_counts.tsv	Transcriptome Profiling	Gene Expression Quantification	TCGA-STAD	TCGA-CG-5721	TCGA-CG-5721-11A	Solid Tissue Normal
d918b49b-9fd2-4353-bd19-92dc3d7a5f8a	7763cc7c-8b33-46ec-9614-b6eafc7a3191.rna_seq.augmented_star_gene_counts.tsv	Transcriptome Profiling	Gene Expression Quantification	TCGA-STAD	TCGA-CG-5721	TCGA-CG-5721-01A	Primary Tumor
c39d52e5-7f87-4ded-aa67-724a091d4fa5	17dac213-5ed5-4082-a749-4f7e180ec818.rna_seq.augmented_star_gene_counts.tsv	Transcriptome Profiling	Gene Expression Quantification	TCGA-STAD	TCGA-FP-8099	TCGA-FP-8099-01A	Primary Tumor
cec6997e-ff7b-4840-9940-cf2be5a59d89	17de0382-9545-4c6e-b348-3f53e3d58ddb.rna_seq.augmented_star_gene_counts.tsv	Transcriptome Profiling	Gene Expression Quantification	TCGA-STAD	TCGA-BR-A4J5	TCGA-BR-A4J5-01A	Primary Tumor
3e8f807f-227a-4216-bdd1-781b6c1de9a8	d6bb74ac-b86e-4134-b5ef-0e8829bca812.rna_seq.augmented_star_gene_counts.tsv	Transcriptome Profiling	Gene Expression Quantification	TCGA-STAD	TCGA-BR-8372	TCGA-BR-8372-01A	Primary Tumor
56fc09eb-f0c4-4732-bcea-edda88d55d74	a292ffe4-4016-4bf0-bebb-3e11eceeab2a.rna_seq.augmented_star_gene_counts.tsv	Transcriptome Profiling	Gene Expression Quantification	TCGA-STAD	TCGA-CD-8529	TCGA-CD-8529-01A	Primary Tumor
c8e93387-2eb7-4089-8c65-675087a7b54c	26f5cb9f-12b0-4043-b081-55373b483766.rna_seq.augmented_star_gene_counts.tsv	Transcriptome Profiling	Gene Expression Quantification	TCGA-STAD	TCGA-CG-4444	TCGA-CG-4444-01A	Primary Tumor
c087c003-a913-42e4-b02f-0db3b47d7ae3	e05717c4-8e4d-479e-beb7-162122b12875.rna_seq.augmented_star_gene_counts.tsv	Transcriptome Profiling	Gene Expression Quantification	TCGA-STAD	TCGA-VQ-A8P3	TCGA-VQ-A8P3-01A	Primary Tumor
236ffea4-c590-4c6f-b550-3869586c51c4	d229bd50-3faf-405a-b205-f898c039817e.rna_seq.augmented_star_gene_counts.tsv	Transcriptome Profiling	Gene Expression Quantification	TCGA-STAD	TCGA-F1-A72C	TCGA-F1-A72C-01A	Primary Tumor
a02b07d9-a7b9-4570-b14d-72d90f1f2df2	459f68e3-f467-49e8-bc61-acfbd57a84f8.rna_seq.augmented_star_gene_counts.tsv	Transcriptome Profiling	Gene Expression Quantification	TCGA-STAD	TCGA-HF-7133	TCGA-HF-7133-01A	Primary Tumor
f9f5edca-0cc6-41aa-a2eb-beb7ec65622c	be899782-4b81-4155-a018-8a094e175f67.rna_seq.augmented_star_gene_counts.tsv	Transcriptome Profiling	Gene Expression Quantification	TCGA-STAD	TCGA-KB-A93J	TCGA-KB-A93J-01A	Primary Tumor
bbe21119-c58d-48ad-b5c5-05aecd106655	b2508341-83dc-482a-8870-5f914161fabc.rna_seq.augmented_star_gene_counts.tsv	Transcriptome Profiling	Gene Expression Quantification	TCGA-STAD	TCGA-BR-8373	TCGA-BR-8373-01A	Primary Tumor
7189c841-63e4-486c-8ae3-f6900a908aab	ba1fc975-462c-4b4f-bae9-64d846092bc4.rna_seq.augmented_star_gene_counts.tsv	Transcriptome Profiling	Gene Expression Quantification	TCGA-STAD	TCGA-BR-8687	TCGA-BR-8687-01A	Primary Tumor
9a9a6018-259f-454a-b772-acb64a86e8bb	e1d0212c-d01f-44b4-bde8-319249c16f6b.rna_seq.augmented_star_gene_counts.tsv	Transcriptome Profiling	Gene Expression Quantification	TCGA-STAD	TCGA-CG-4437	TCGA-CG-4437-01A	Primary Tumor
06d9fa42-27ef-43c7-9269-fbc6cea88235	fa3fbd00-6682-4e3b-a5cd-7933efd7d93d.rna_seq.augmented_star_gene_counts.tsv	Transcriptome Profiling	Gene Expression Quantification	TCGA-STAD	TCGA-BR-8295	TCGA-BR-8295-01A	Primary Tumor
7cc2fc0a-23cf-480a-9f92-d863197fee40	01da18cf-6b82-4984-8484-76da69cf022a.rna_seq.augmented_star_gene_counts.tsv	Transcriptome Profiling	Gene Expression Quantification	TCGA-STAD	TCGA-BR-8364	TCGA-BR-8364-01A	Primary Tumor
5c0ed7b4-761b-4917-915e-22d801cb13a1	e2960f35-2c8b-402f-bd19-352612d9c4c9.rna_seq.augmented_star_gene_counts.tsv	Transcriptome Profiling	Gene Expression Quantification	TCGA-STAD	TCGA-CD-8534	TCGA-CD-8534-01A	Primary Tumor
926a7435-77ef-4326-9cbf-ced7d6ce30c1	c2b6114e-fcda-42c0-929e-0bad83c467d1.rna_seq.augmented_star_gene_counts.tsv	Transcriptome Profiling	Gene Expression Quantification	TCGA-STAD	TCGA-BR-4363	TCGA-BR-4363-01A	Primary Tumor
850c996f-9b0e-435b-974e-a99bf03a7a99	58ccef86-27ec-4112-baf5-1f463d1933b7.rna_seq.augmented_star_gene_counts.tsv	Transcriptome Profiling	Gene Expression Quantification	TCGA-STAD	TCGA-BR-8366	TCGA-BR-8366-01A	Primary Tumor
cb8211ab-7897-4a22-9f70-034add8d86ce	5aecb346-2b6e-45b9-9936-c6422030402b.rna_seq.augmented_star_gene_counts.tsv	Transcriptome Profiling	Gene Expression Quantification	TCGA-STAD	TCGA-BR-7715	TCGA-BR-7715-11A	Solid Tissue Normal
8d85e5dd-c4bf-489c-b793-0d18f7f4d067	2bf5767f-ae9b-4857-8d1f-0af25e6b49a9.rna_seq.augmented_star_gene_counts.tsv	Transcriptome Profiling	Gene Expression Quantification	TCGA-STAD	TCGA-BR-7715	TCGA-BR-7715-01A	Primary Tumor
a6f861af-5db9-4254-8311-f2cf46dd29d7	e98c0785-67eb-4af8-99db-c9ff4f3ade80.rna_seq.augmented_star_gene_counts.tsv	Transcriptome Profiling	Gene Expression Quantification	TCGA-STAD	TCGA-BR-8384	TCGA-BR-8384-01A	Primary Tumor
3508efbb-0c3d-40aa-9433-8e456358746b	44724ed4-22c3-4e21-9b1e-05e4ce577fd5.rna_seq.augmented_star_gene_counts.tsv	Transcriptome Profiling	Gene Expression Quantification	TCGA-STAD	TCGA-CD-8526	TCGA-CD-8526-01A	Primary Tumor
dc4a86ce-9327-4c19-a380-a3adfaf7a7ce	5fc71aaf-d3b8-4c5b-9862-dc28df999ea4.rna_seq.augmented_star_gene_counts.tsv	Transcriptome Profiling	Gene Expression Quantification	TCGA-STAD	TCGA-HF-7132	TCGA-HF-7132-01A	Primary Tumor
c20afb93-99da-4d68-96f5-3b8c6b472d07	8cdb0e16-b58c-43c7-b7ad-13443763068d.rna_seq.augmented_star_gene_counts.tsv	Transcriptome Profiling	Gene Expression Quantification	TCGA-STAD	TCGA-D7-6521	TCGA-D7-6521-01A	Primary Tumor
e21d4475-7bcf-48ad-bd98-1d9c5fe18927	d0fa7d16-ca0a-4f21-a952-5f17e49efe9a.rna_seq.augmented_star_gene_counts.tsv	Transcriptome Profiling	Gene Expression Quantification	TCGA-STAD	TCGA-B7-5818	TCGA-B7-5818-01A	Primary Tumor
7a0d7371-26e1-4d3a-b60d-7ae9fdfd39bb	724d2fc3-50bc-4e4e-af0e-2eb138d6d9c3.rna_seq.augmented_star_gene_counts.tsv	Transcriptome Profiling	Gene Expression Quantification	TCGA-STAD	TCGA-RD-A8N5	TCGA-RD-A8N5-01A	Primary Tumor
944d318f-3ba6-4fd1-8700-feeb92428aee	5b4d3ad4-7c22-41f4-b54d-8f582585ec88.rna_seq.augmented_star_gene_counts.tsv	Transcriptome Profiling	Gene Expression Quantification	TCGA-STAD	TCGA-HU-A4G3	TCGA-HU-A4G3-01A	Primary Tumor
e4ccf461-24dd-4bbb-bec3-51e7101c5068	561f3d55-0e75-4d99-a562-c50bbdbd2231.rna_seq.augmented_star_gene_counts.tsv	Transcriptome Profiling	Gene Expression Quantification	TCGA-STAD	TCGA-BR-6709	TCGA-BR-6709-01A	Primary Tumor
458f249d-8372-4e61-8a49-d9e976a17ea5	d57ad3e5-8f4f-4a5e-a1a6-ab0201be6c03.rna_seq.augmented_star_gene_counts.tsv	Transcriptome Profiling	Gene Expression Quantification	TCGA-STAD	TCGA-VQ-A8DU	TCGA-VQ-A8DU-01A	Primary Tumor
c57b5865-1190-4853-9a18-477b0c1ccb55	365c5735-dce4-412a-803e-03e43ec829a5.rna_seq.augmented_star_gene_counts.tsv	Transcriptome Profiling	Gene Expression Quantification	TCGA-STAD	TCGA-R5-A805	TCGA-R5-A805-01A	Primary Tumor
76c59585-70c9-4689-a7aa-dc33cb558deb	7017b625-36e6-4734-8b70-538e461984d1.rna_seq.augmented_star_gene_counts.tsv	Transcriptome Profiling	Gene Expression Quantification	TCGA-STAD	TCGA-D7-A6EY	TCGA-D7-A6EY-01A	Primary Tumor
ff786046-d2a8-43b7-8c01-fed46ba3acb8	4f55a7ef-4125-4de8-9a50-8d50f766c5f2.rna_seq.augmented_star_gene_counts.tsv	Transcriptome Profiling	Gene Expression Quantification	TCGA-STAD	TCGA-CG-4306	TCGA-CG-4306-01A	Primary Tumor
4ed499b6-ee48-40fe-af74-129884ff90e6	f3ace25d-1860-4f02-99da-a7fd4d20f6eb.rna_seq.augmented_star_gene_counts.tsv	Transcriptome Profiling	Gene Expression Quantification	TCGA-STAD	TCGA-BR-4191	TCGA-BR-4191-01A	Primary Tumor
6a0521e7-0e1e-4da2-a273-6e02cff9b581	a281e2e0-c968-4c53-aa69-5518e7c01bb2.rna_seq.augmented_star_gene_counts.tsv	Transcriptome Profiling	Gene Expression Quantification	TCGA-STAD	TCGA-HU-A4GX	TCGA-HU-A4GX-01A	Primary Tumor
45c7dff5-f6b2-4ec4-ae9c-28083310a2c8	4b037540-5cb7-439d-af75-ec9d8897e530.rna_seq.augmented_star_gene_counts.tsv	Transcriptome Profiling	Gene Expression Quantification	TCGA-STAD	TCGA-BR-6455	TCGA-BR-6455-01A	Primary Tumor
c0c8dbec-6583-4589-bab3-a5824bef3270	8c422fe1-1eff-4951-a4fb-5301fa0261fb.rna_seq.augmented_star_gene_counts.tsv	Transcriptome Profiling	Gene Expression Quantification	TCGA-STAD	TCGA-VQ-A927	TCGA-VQ-A927-01A	Primary Tumor
3731ba2c-9084-498f-b02c-1011e1d7715a	c47d66cd-6458-4fe1-8fcf-7a90cee13baf.rna_seq.augmented_star_gene_counts.tsv	Transcriptome Profiling	Gene Expression Quantification	TCGA-STAD	TCGA-SW-A7EA	TCGA-SW-A7EA-01A	Primary Tumor
9bf38c4a-75e2-413d-b46f-e6ccb417bd1e	d1024903-3005-4efa-bd19-556ac73d3f65.rna_seq.augmented_star_gene_counts.tsv	Transcriptome Profiling	Gene Expression Quantification	TCGA-STAD	TCGA-VQ-A8PD	TCGA-VQ-A8PD-01A	Primary Tumor
62f3a6f2-439e-4787-8a4f-ef895670b7f1	47553084-520b-44f4-8fb4-7a9d4eb344fc.rna_seq.augmented_star_gene_counts.tsv	Transcriptome Profiling	Gene Expression Quantification	TCGA-STAD	TCGA-HU-A4GQ	TCGA-HU-A4GQ-01A	Primary Tumor
706706c0-5ddf-4417-9623-1a3ba265a16a	4315e05d-ca7a-4fde-9e03-bb1190fd8efe.rna_seq.augmented_star_gene_counts.tsv	Transcriptome Profiling	Gene Expression Quantification	TCGA-STAD	TCGA-B7-A5TN	TCGA-B7-A5TN-01A	Primary Tumor
fc93bfc2-da1f-4bb6-a60c-62a571243a8e	8d45826b-4d79-4ffb-bfe2-bc82155b4467.rna_seq.augmented_star_gene_counts.tsv	Transcriptome Profiling	Gene Expression Quantification	TCGA-STAD	TCGA-BR-A44U	TCGA-BR-A44U-01A	Primary Tumor
9b3d2763-ce8b-4387-8e81-4790a4c27307	80918b8e-808e-45ab-a160-f22b364a1721.rna_seq.augmented_star_gene_counts.tsv	Transcriptome Profiling	Gene Expression Quantification	TCGA-STAD	TCGA-CG-4436	TCGA-CG-4436-01A	Primary Tumor
2d1c4b35-fdba-4d21-bfc3-00eb0ecaed42	6272f66b-3777-419d-804e-5492b25b582f.rna_seq.augmented_star_gene_counts.tsv	Transcriptome Profiling	Gene Expression Quantification	TCGA-STAD	TCGA-BR-A4CR	TCGA-BR-A4CR-01A	Primary Tumor
1509aae6-ecbc-4213-bafd-07ecf0e5809d	1e7a0fc4-fc90-4fae-9368-63fabe5bab47.rna_seq.augmented_star_gene_counts.tsv	Transcriptome Profiling	Gene Expression Quantification	TCGA-STAD	TCGA-HU-A4GT	TCGA-HU-A4GT-01A	Primary Tumor
3644ab3c-0d46-4329-b655-38e8564e3075	a7131e79-5d7c-4df5-bb05-90d774c299a9.rna_seq.augmented_star_gene_counts.tsv	Transcriptome Profiling	Gene Expression Quantification	TCGA-STAD	TCGA-BR-7197	TCGA-BR-7197-01A	Primary Tumor
bb1bd9c6-a183-4002-a9d1-470c64f415df	522b5daa-9d2c-4613-ace7-60ffe63cb6ac.rna_seq.augmented_star_gene_counts.tsv	Transcriptome Profiling	Gene Expression Quantification	TCGA-STAD	TCGA-IN-A6RR	TCGA-IN-A6RR-01A	Primary Tumor
ecd10295-d5d7-4af6-b442-d596dd2f0579	a7e81ae5-b0f9-43ca-b462-496957433acf.rna_seq.augmented_star_gene_counts.tsv	Transcriptome Profiling	Gene Expression Quantification	TCGA-STAD	TCGA-BR-4256	TCGA-BR-4256-01A	Primary Tumor
6cb073bf-d129-459f-b913-1e044905e399	48b391e7-2d80-43c5-9c6a-bf028e3fb7ad.rna_seq.augmented_star_gene_counts.tsv	Transcriptome Profiling	Gene Expression Quantification	TCGA-STAD	TCGA-HU-A4H2	TCGA-HU-A4H2-01A	Primary Tumor
3ab8c820-937b-4376-ab01-39387780d252	77e18356-f666-40e5-8bdf-ac22d69647aa.rna_seq.augmented_star_gene_counts.tsv	Transcriptome Profiling	Gene Expression Quantification	TCGA-STAD	TCGA-R5-A7ZE	TCGA-R5-A7ZE-01B	Primary Tumor
ab41eb45-5484-4d07-86f0-e77530b60278	9e32902c-8ba7-41af-a631-a16a5162dd09.rna_seq.augmented_star_gene_counts.tsv	Transcriptome Profiling	Gene Expression Quantification	TCGA-STAD	TCGA-BR-8686	TCGA-BR-8686-01A	Primary Tumor
0b71b998-f6c2-4377-a7e0-d204bbe3ab7a	e6fd3732-7e90-46ec-82fc-d1dcb8849e67.rna_seq.augmented_star_gene_counts.tsv	Transcriptome Profiling	Gene Expression Quantification	TCGA-STAD	TCGA-BR-6802	TCGA-BR-6802-01A	Primary Tumor
1591d97a-2d89-4dcb-a259-c8b40abe74a1	239f8a86-abe1-4db6-98f1-a695f2a818cc.rna_seq.augmented_star_gene_counts.tsv	Transcriptome Profiling	Gene Expression Quantification	TCGA-STAD	TCGA-BR-6802	TCGA-BR-6802-11A	Solid Tissue Normal
aae3e64b-a1bc-4829-91da-0c79c7d7fbd6	51484e4a-6754-4d25-934c-7643a178ed76.rna_seq.augmented_star_gene_counts.tsv	Transcriptome Profiling	Gene Expression Quantification	TCGA-STAD	TCGA-CG-5720	TCGA-CG-5720-01A	Primary Tumor
aaf4d262-675c-403d-8dcf-17d141736b76	fe43aeae-df65-4a82-bf9f-cecb23ce1fcb.rna_seq.augmented_star_gene_counts.tsv	Transcriptome Profiling	Gene Expression Quantification	TCGA-STAD	TCGA-CG-5720	TCGA-CG-5720-11A	Solid Tissue Normal
7c89719d-b2ba-491c-a15b-6af741c7b56e	69a21607-b23d-473d-b7c8-dbfb2ef83599.rna_seq.augmented_star_gene_counts.tsv	Transcriptome Profiling	Gene Expression Quantification	TCGA-STAD	TCGA-BR-8286	TCGA-BR-8286-01A	Primary Tumor
4581a210-4272-4285-b175-2bddc4050282	7e88334c-f492-4ccb-87c7-3033fefafaee.rna_seq.augmented_star_gene_counts.tsv	Transcriptome Profiling	Gene Expression Quantification	TCGA-STAD	TCGA-VQ-A8E7	TCGA-VQ-A8E7-01B	Primary Tumor
aae0c863-2868-47a7-b52b-b2cb37404ba6	e08c2582-4a19-4e35-b57d-48ee8f7ca777.rna_seq.augmented_star_gene_counts.tsv	Transcriptome Profiling	Gene Expression Quantification	TCGA-STAD	TCGA-CG-4301	TCGA-CG-4301-01A	Primary Tumor
b9d065c0-5b6b-4371-a2fa-d0e9ccc7095f	4ab26916-9f30-417e-bc71-a454e92a731a.rna_seq.augmented_star_gene_counts.tsv	Transcriptome Profiling	Gene Expression Quantification	TCGA-STAD	TCGA-D7-6524	TCGA-D7-6524-01A	Primary Tumor
3ebd8ace-180b-4797-bab1-8bafc1c3badf	59e4ffb6-9432-4078-b5d2-41392aaa5251.rna_seq.augmented_star_gene_counts.tsv	Transcriptome Profiling	Gene Expression Quantification	TCGA-STAD	TCGA-CD-A489	TCGA-CD-A489-01A	Primary Tumor
9b1e5561-6397-43f4-a096-2914501817fd	58bce7eb-5cda-4595-b645-d128c45e7054.rna_seq.augmented_star_gene_counts.tsv	Transcriptome Profiling	Gene Expression Quantification	TCGA-STAD	TCGA-VQ-A8DT	TCGA-VQ-A8DT-01A	Primary Tumor
67936824-6cfc-4433-b1ea-093a000fca13	82f58cda-2af9-4a10-aa49-0aba32e86381.rna_seq.augmented_star_gene_counts.tsv	Transcriptome Profiling	Gene Expression Quantification	TCGA-STAD	TCGA-VQ-A91Y	TCGA-VQ-A91Y-01A	Primary Tumor
08a343f1-8406-4f74-932e-58683e540620	ceece7bf-2c61-4313-a168-405b0b793b26.rna_seq.augmented_star_gene_counts.tsv	Transcriptome Profiling	Gene Expression Quantification	TCGA-STAD	TCGA-D7-8572	TCGA-D7-8572-01A	Primary Tumor
eb69b217-d583-469e-b001-d9cd2d75ee7f	9ad2f837-07a6-4460-846d-738eb7e53e90.rna_seq.augmented_star_gene_counts.tsv	Transcriptome Profiling	Gene Expression Quantification	TCGA-STAD	TCGA-HU-A4G9	TCGA-HU-A4G9-01A	Primary Tumor
0717fb51-e93e-4a5d-8abb-fc44197d68dd	d40e2be0-df81-4707-b920-6cca5080bb0d.rna_seq.augmented_star_gene_counts.tsv	Transcriptome Profiling	Gene Expression Quantification	TCGA-STAD	TCGA-D7-8579	TCGA-D7-8579-01A	Primary Tumor
7e61b345-4ff0-4717-82fd-bac1ae50e9eb	b5ac3f5d-81ea-4ade-a653-be94faf73911.rna_seq.augmented_star_gene_counts.tsv	Transcriptome Profiling	Gene Expression Quantification	TCGA-STAD	TCGA-D7-6525	TCGA-D7-6525-01A	Primary Tumor
c55837d2-98dc-4166-828b-3cfc5e2f9aba	32137d09-eb03-4a2f-8310-2eb050f64775.rna_seq.augmented_star_gene_counts.tsv	Transcriptome Profiling	Gene Expression Quantification	TCGA-STAD	TCGA-VQ-AA6K	TCGA-VQ-AA6K-01A	Primary Tumor
482bf588-122a-4c3e-89be-96e406867977	768500da-53bb-478c-9bf4-80746710b37e.rna_seq.augmented_star_gene_counts.tsv	Transcriptome Profiling	Gene Expression Quantification	TCGA-STAD	TCGA-HJ-7597	TCGA-HJ-7597-01A	Primary Tumor
bf2243df-fa0b-4d64-a69d-ce9ef2dc2120	f363b139-4741-4d30-84f7-4bd25ba062bc.rna_seq.augmented_star_gene_counts.tsv	Transcriptome Profiling	Gene Expression Quantification	TCGA-STAD	TCGA-BR-7707	TCGA-BR-7707-01A	Primary Tumor
3c6205ad-955f-4d88-9346-a50fc10385d8	84ce62a7-90c6-4690-b3aa-21e12e10e257.rna_seq.augmented_star_gene_counts.tsv	Transcriptome Profiling	Gene Expression Quantification	TCGA-STAD	TCGA-BR-8683	TCGA-BR-8683-01A	Primary Tumor
fc0f2d48-8d29-4b01-97e7-49f9b0909c7d	0667b7a8-60a6-4107-9796-9efb3a88e60f.rna_seq.augmented_star_gene_counts.tsv	Transcriptome Profiling	Gene Expression Quantification	TCGA-STAD	TCGA-BR-4201	TCGA-BR-4201-01A	Primary Tumor
a30c2687-b5b3-4a31-b6f7-8f340405b15e	d2458450-3049-45ee-a787-c63e87728e4c.rna_seq.augmented_star_gene_counts.tsv	Transcriptome Profiling	Gene Expression Quantification	TCGA-STAD	TCGA-3M-AB47	TCGA-3M-AB47-01A	Primary Tumor
f0defc81-7d4b-4886-816c-81b22ba0c217	c52c5d51-8e8f-4c00-8ab7-e41bf9044501.rna_seq.augmented_star_gene_counts.tsv	Transcriptome Profiling	Gene Expression Quantification	TCGA-STAD	TCGA-CG-5726	TCGA-CG-5726-01A	Primary Tumor
42c1f5ac-9143-4700-9d4f-f54393ee28bf	105616c2-4c73-405b-95ff-63ec037115ab.rna_seq.augmented_star_gene_counts.tsv	Transcriptome Profiling	Gene Expression Quantification	TCGA-STAD	TCGA-BR-8361	TCGA-BR-8361-01A	Primary Tumor
6e39a119-b4a1-4eb5-95bb-e53645a7061a	e7982162-eaec-4c5c-a12d-e7b992a4c77b.rna_seq.augmented_star_gene_counts.tsv	Transcriptome Profiling	Gene Expression Quantification	TCGA-STAD	TCGA-IN-7806	TCGA-IN-7806-01A	Primary Tumor
6264df46-551d-4c8d-bccd-a00f2a2c1eb1	1a33b920-ed1e-4f57-b33c-0746884c0aaf.rna_seq.augmented_star_gene_counts.tsv	Transcriptome Profiling	Gene Expression Quantification	TCGA-STAD	TCGA-IN-7806	TCGA-IN-7806-11A	Solid Tissue Normal
f08c952e-bdbc-4c50-99ae-85deb75cd740	1ec4ef41-98d9-4538-af10-0550758e1b24.rna_seq.augmented_star_gene_counts.tsv	Transcriptome Profiling	Gene Expression Quantification	TCGA-STAD	TCGA-BR-8289	TCGA-BR-8289-01A	Primary Tumor
002cf74b-098b-4de6-9a76-0d889c894ab6	49a0c23d-e0e7-4b67-b9f0-527c14105345.rna_seq.augmented_star_gene_counts.tsv	Transcriptome Profiling	Gene Expression Quantification	TCGA-STAD	TCGA-BR-A4J4	TCGA-BR-A4J4-01A	Primary Tumor
c364904b-b03f-4ea5-b1a6-d157292f4fed	2e249b36-632c-43f6-94f0-9da8eb1d6157.rna_seq.augmented_star_gene_counts.tsv	Transcriptome Profiling	Gene Expression Quantification	TCGA-STAD	TCGA-CG-5733	TCGA-CG-5733-11A	Solid Tissue Normal
4cf967f3-7b04-4c88-9adb-eb4c56fe7922	50676b84-ea5c-4ebf-8098-9bb549914f5f.rna_seq.augmented_star_gene_counts.tsv	Transcriptome Profiling	Gene Expression Quantification	TCGA-STAD	TCGA-D7-6522	TCGA-D7-6522-01A	Primary Tumor
bfb6d49f-a9ac-4355-a84f-c28b3ca8aaa4	3a99b95b-3fdf-4bd1-9f14-a645942ef7bc.rna_seq.augmented_star_gene_counts.tsv	Transcriptome Profiling	Gene Expression Quantification	TCGA-STAD	TCGA-VQ-A922	TCGA-VQ-A922-01A	Primary Tumor
9292b27f-0352-4124-bbf7-8f94e3591694	784f2ac0-a55c-4671-9135-ed00a5bf311b.rna_seq.augmented_star_gene_counts.tsv	Transcriptome Profiling	Gene Expression Quantification	TCGA-STAD	TCGA-CG-4440	TCGA-CG-4440-01A	Primary Tumor
a136399c-5bfe-4689-aac9-a47be0d9881c	e4eaa69c-cd49-4024-86ed-3549ba9405a3.rna_seq.augmented_star_gene_counts.tsv	Transcriptome Profiling	Gene Expression Quantification	TCGA-STAD	TCGA-CG-4443	TCGA-CG-4443-01A	Primary Tumor
e8eb2bf0-8e06-4559-8fb0-e42c3f80909d	6563c49d-bc91-44b1-9f62-af3fb364fe96.rna_seq.augmented_star_gene_counts.tsv	Transcriptome Profiling	Gene Expression Quantification	TCGA-STAD	TCGA-RD-A8N9	TCGA-RD-A8N9-01A	Primary Tumor
a8f05a8c-0e1f-4d40-8839-94e6b2552dea	17403d67-1170-4273-a432-016a19037b1a.rna_seq.augmented_star_gene_counts.tsv	Transcriptome Profiling	Gene Expression Quantification	TCGA-STAD	TCGA-BR-7722	TCGA-BR-7722-01A	Primary Tumor
eb0d8bd2-d08b-4de6-9a19-50bb9f38697a	851f69e1-0c24-45c2-a555-34166d1073fb.rna_seq.augmented_star_gene_counts.tsv	Transcriptome Profiling	Gene Expression Quantification	TCGA-STAD	TCGA-CG-4304	TCGA-CG-4304-01A	Primary Tumor
14d2df38-5698-455b-9e59-2065c9ef96c0	6249b41e-d4f8-4da2-a4b1-d7b0369cbf02.rna_seq.augmented_star_gene_counts.tsv	Transcriptome Profiling	Gene Expression Quantification	TCGA-STAD	TCGA-CD-8532	TCGA-CD-8532-01A	Primary Tumor
e5b66960-be8d-43f6-b34e-c215b6511937	38cfb1ff-1ce0-4307-82c3-5f48785856c6.rna_seq.augmented_star_gene_counts.tsv	Transcriptome Profiling	Gene Expression Quantification	TCGA-STAD	TCGA-IN-7808	TCGA-IN-7808-01A	Primary Tumor
777d38f1-6ce2-4c70-baba-20288c61017c	e9390430-2d0e-442f-affe-7a338b79285a.rna_seq.augmented_star_gene_counts.tsv	Transcriptome Profiling	Gene Expression Quantification	TCGA-STAD	TCGA-CG-4442	TCGA-CG-4442-01A	Primary Tumor
dec52a96-ae66-4474-9161-686f0b41127c	f1cbab92-0ba3-4e62-b680-3bc366d3ed31.rna_seq.augmented_star_gene_counts.tsv	Transcriptome Profiling	Gene Expression Quantification	TCGA-STAD	TCGA-ZA-A8F6	TCGA-ZA-A8F6-01A	Primary Tumor
77539bed-5321-458a-9ba9-0ebdc6f5cf88	c98e0469-2533-4697-b2a8-f0a889da1c4b.rna_seq.augmented_star_gene_counts.tsv	Transcriptome Profiling	Gene Expression Quantification	TCGA-STAD	TCGA-FP-8210	TCGA-FP-8210-01A	Primary Tumor
a7c04620-a7f0-4b19-b2ae-7b479fcd3fb0	991525f1-7bed-438d-8f95-797f06bbd553.rna_seq.augmented_star_gene_counts.tsv	Transcriptome Profiling	Gene Expression Quantification	TCGA-STAD	TCGA-BR-7717	TCGA-BR-7717-01A	Primary Tumor
4a44fea8-96bd-42e7-8890-b73e41e5132a	07952543-a0d5-4b90-98df-931911348067.rna_seq.augmented_star_gene_counts.tsv	Transcriptome Profiling	Gene Expression Quantification	TCGA-STAD	TCGA-BR-7717	TCGA-BR-7717-11A	Solid Tissue Normal
78c8754d-2e75-4a6c-ac47-fc2b767ef9de	8e4f2a8a-ed59-45a9-ba48-58610fbb38db.rna_seq.augmented_star_gene_counts.tsv	Transcriptome Profiling	Gene Expression Quantification	TCGA-STAD	TCGA-VQ-A8PF	TCGA-VQ-A8PF-01A	Primary Tumor
c2e4ccae-79a4-4259-9444-ca43abd9f3ab	b7b95c41-119f-4cd3-8814-5444a8285edb.rna_seq.augmented_star_gene_counts.tsv	Transcriptome Profiling	Gene Expression Quantification	TCGA-STAD	TCGA-VQ-A94R	TCGA-VQ-A94R-01A	Primary Tumor
97c6d617-6d24-4d9a-9edb-5edb11dce393	6ce8a4cc-cf96-4e4e-910c-58faeed2725a.rna_seq.augmented_star_gene_counts.tsv	Transcriptome Profiling	Gene Expression Quantification	TCGA-STAD	TCGA-R5-A7ZF	TCGA-R5-A7ZF-01A	Primary Tumor
f5df74ba-23a8-4618-986a-79ceceb3c9b1	9d517ccb-26b4-4c6a-8ea6-777f66c14be0.rna_seq.augmented_star_gene_counts.tsv	Transcriptome Profiling	Gene Expression Quantification	TCGA-STAD	TCGA-HU-A4H8	TCGA-HU-A4H8-01A	Primary Tumor
40a0f6fa-54d9-4c5e-9b7b-b7da79b3480d	e6b50f1d-f0c8-417e-a522-4899e3b0cd8a.rna_seq.augmented_star_gene_counts.tsv	Transcriptome Profiling	Gene Expression Quantification	TCGA-STAD	TCGA-BR-A44T	TCGA-BR-A44T-01A	Primary Tumor
58e1a090-c8ed-434d-b5d7-ff1bd185dd4c	2ef88e66-5186-4eea-8f01-47e5cc18cc1c.rna_seq.augmented_star_gene_counts.tsv	Transcriptome Profiling	Gene Expression Quantification	TCGA-STAD	TCGA-BR-7901	TCGA-BR-7901-01A	Primary Tumor
6637c4e0-f4ba-4819-9c27-73323ef759f1	f1ed9c31-e0fa-4bf9-b657-4b54ab360b05.rna_seq.augmented_star_gene_counts.tsv	Transcriptome Profiling	Gene Expression Quantification	TCGA-STAD	TCGA-BR-6563	TCGA-BR-6563-01A	Primary Tumor
3059f0be-3d9b-4789-aab0-65ba258ba66a	46e096c0-d680-4d9d-8063-dd635b064cc5.rna_seq.augmented_star_gene_counts.tsv	Transcriptome Profiling	Gene Expression Quantification	TCGA-STAD	TCGA-BR-8380	TCGA-BR-8380-01A	Primary Tumor
a433517a-bbf5-4d65-9225-309b29317f4a	f77fbcae-94e2-4656-8e58-925aa6c68212.rna_seq.augmented_star_gene_counts.tsv	Transcriptome Profiling	Gene Expression Quantification	TCGA-STAD	TCGA-BR-7704	TCGA-BR-7704-11A	Solid Tissue Normal
e65e019f-2990-442c-b39d-6d90c2792a87	1798b648-3679-497d-a3bc-4355cca4a98f.rna_seq.augmented_star_gene_counts.tsv	Transcriptome Profiling	Gene Expression Quantification	TCGA-STAD	TCGA-BR-7704	TCGA-BR-7704-01A	Primary Tumor
3455cd43-749c-42e1-95ef-09bb8ff5950e	1c897840-875c-4b6d-8ec1-4e2c8148c6bb.rna_seq.augmented_star_gene_counts.tsv	Transcriptome Profiling	Gene Expression Quantification	TCGA-STAD	TCGA-CD-5804	TCGA-CD-5804-01A	Primary Tumor
3d09baf5-be75-41c0-8d00-d4ed01b01ce0	c6d8d63a-7afa-4099-b513-d1b2b31ca7ed.rna_seq.augmented_star_gene_counts.tsv	Transcriptome Profiling	Gene Expression Quantification	TCGA-STAD	TCGA-VQ-A94U	TCGA-VQ-A94U-01A	Primary Tumor
e341b4ea-f0e6-4133-937f-f88a48744868	c3ee66f2-c489-47df-9b05-6dac8205f8f9.rna_seq.augmented_star_gene_counts.tsv	Transcriptome Profiling	Gene Expression Quantification	TCGA-STAD	TCGA-VQ-A8P2	TCGA-VQ-A8P2-01A	Primary Tumor
3f65e44e-921f-4eac-a8e1-97ae3df4e758	b5022139-cc8a-40ca-b249-19d4431ceee6.rna_seq.augmented_star_gene_counts.tsv	Transcriptome Profiling	Gene Expression Quantification	TCGA-STAD	TCGA-BR-8589	TCGA-BR-8589-01A	Primary Tumor
2e7d946e-a957-4a62-9bb6-4b861c9b19e0	bf76fc2e-bfb2-4aba-8dc9-0ccc018e9643.rna_seq.augmented_star_gene_counts.tsv	Transcriptome Profiling	Gene Expression Quantification	TCGA-STAD	TCGA-VQ-A94P	TCGA-VQ-A94P-01A	Primary Tumor
9a76b84d-4e3c-4867-b483-bc2559ee9222	8d8d7db0-7960-458e-be10-9b71399de6d2.rna_seq.augmented_star_gene_counts.tsv	Transcriptome Profiling	Gene Expression Quantification	TCGA-STAD	TCGA-VQ-AA6J	TCGA-VQ-AA6J-01A	Primary Tumor
02e9aa63-ae0a-4c90-8f26-7cd182669770	36416403-191a-4202-a88f-de7e637c6432.rna_seq.augmented_star_gene_counts.tsv	Transcriptome Profiling	Gene Expression Quantification	TCGA-STAD	TCGA-D7-6526	TCGA-D7-6526-01A	Primary Tumor
672c7c64-05a9-4f38-80af-70f88608f1a7	2c26f7a3-717d-4c25-8120-e1a4674fc1b5.rna_seq.augmented_star_gene_counts.tsv	Transcriptome Profiling	Gene Expression Quantification	TCGA-STAD	TCGA-BR-4370	TCGA-BR-4370-01A	Primary Tumor
067a9312-8473-4644-9901-9e43fa963b1f	9cd99f7b-af6c-47bd-a1a9-0b808b49f7e9.rna_seq.augmented_star_gene_counts.tsv	Transcriptome Profiling	Gene Expression Quantification	TCGA-STAD	TCGA-D7-5578	TCGA-D7-5578-01A	Primary Tumor
fb616214-ebce-4936-9544-e3fc5f5e7f50	dd8ad238-ba2c-4a92-9b27-28a0913fa2f8.rna_seq.augmented_star_gene_counts.tsv	Transcriptome Profiling	Gene Expression Quantification	TCGA-STAD	TCGA-VQ-AA6G	TCGA-VQ-AA6G-01A	Primary Tumor
0ed3f926-b289-47fe-911c-6336657cc2da	14201530-7373-4754-a48f-b8be18af278c.rna_seq.augmented_star_gene_counts.tsv	Transcriptome Profiling	Gene Expression Quantification	TCGA-STAD	TCGA-HF-A5NB	TCGA-HF-A5NB-01A	Primary Tumor
fa18b187-f739-41f0-b089-90a573111db8	57b9ec7d-9dbf-480e-8d55-1ad42f61a09d.rna_seq.augmented_star_gene_counts.tsv	Transcriptome Profiling	Gene Expression Quantification	TCGA-STAD	TCGA-CD-A48A	TCGA-CD-A48A-01A	Primary Tumor
cd307c16-afac-4c70-9afe-75788ae99d0a	110c2649-923f-4c8f-990f-215f25d9df13.rna_seq.augmented_star_gene_counts.tsv	Transcriptome Profiling	Gene Expression Quantification	TCGA-STAD	TCGA-D7-8574	TCGA-D7-8574-01A	Primary Tumor
e5d9091b-0382-4adc-8f42-b0644db1f7ad	13aa48ee-19df-4e17-921b-325edf068976.rna_seq.augmented_star_gene_counts.tsv	Transcriptome Profiling	Gene Expression Quantification	TCGA-STAD	TCGA-BR-8284	TCGA-BR-8284-01A	Primary Tumor
5813748c-2549-442f-a71d-a0b7ca82ec58	66b4c2a2-5786-4b2e-abc7-374c72f7c53d.rna_seq.augmented_star_gene_counts.tsv	Transcriptome Profiling	Gene Expression Quantification	TCGA-STAD	TCGA-VQ-A8DZ	TCGA-VQ-A8DZ-01A	Primary Tumor
5a25e822-906b-4d34-9f9d-a9f1506570b3	1ddc63d7-ac43-4476-b5c2-8b4da89bf752.rna_seq.augmented_star_gene_counts.tsv	Transcriptome Profiling	Gene Expression Quantification	TCGA-STAD	TCGA-D7-6818	TCGA-D7-6818-01A	Primary Tumor
d903ef14-631c-4240-8a57-98e1ccaff9ed	7fb1d2f0-135d-4932-bbf3-4c58e7e168d2.rna_seq.augmented_star_gene_counts.tsv	Transcriptome Profiling	Gene Expression Quantification	TCGA-STAD	TCGA-BR-A4QL	TCGA-BR-A4QL-01A	Primary Tumor
27726ecf-7557-4aa3-a1bb-7d60b8ffceb4	0491207c-39d0-4c41-9bc5-e9e52d2f5f32.rna_seq.augmented_star_gene_counts.tsv	Transcriptome Profiling	Gene Expression Quantification	TCGA-STAD	TCGA-RD-A7BS	TCGA-RD-A7BS-01A	Primary Tumor
b41a0bbe-6817-41f5-89e3-9f5321b52eec	8bc0c5c2-1e1b-4bfd-952c-f346050f315d.rna_seq.augmented_star_gene_counts.tsv	Transcriptome Profiling	Gene Expression Quantification	TCGA-STAD	TCGA-HU-A4GD	TCGA-HU-A4GD-01A	Primary Tumor
422e3ddb-a9b6-4528-81bc-18a438e94d23	6349132e-e881-4f96-9697-915a55206f70.rna_seq.augmented_star_gene_counts.tsv	Transcriptome Profiling	Gene Expression Quantification	TCGA-STAD	TCGA-BR-8680	TCGA-BR-8680-01A	Primary Tumor
dde83d12-dcaa-43b6-91eb-986fa0569189	fc4d2d0d-9212-44ad-ae18-4cca3f41f72b.rna_seq.augmented_star_gene_counts.tsv	Transcriptome Profiling	Gene Expression Quantification	TCGA-STAD	TCGA-VQ-A92D	TCGA-VQ-A92D-01A	Primary Tumor
7aab022a-8eeb-4e17-9387-2c9f5d4840b1	b5378acd-5d09-4655-af4d-a175271beca0.rna_seq.augmented_star_gene_counts.tsv	Transcriptome Profiling	Gene Expression Quantification	TCGA-STAD	TCGA-BR-6454	TCGA-BR-6454-11A	Solid Tissue Normal
476e7746-e46d-4a83-be3a-0f1ba6302a37	768db928-d29b-4bf6-b48b-e784197caa9f.rna_seq.augmented_star_gene_counts.tsv	Transcriptome Profiling	Gene Expression Quantification	TCGA-STAD	TCGA-BR-6454	TCGA-BR-6454-01A	Primary Tumor
34cbaaae-5925-4066-88c9-be443f6c361b	0abd64cb-7beb-42c7-a035-94ea554a04ee.rna_seq.augmented_star_gene_counts.tsv	Transcriptome Profiling	Gene Expression Quantification	TCGA-STAD	TCGA-HU-8238	TCGA-HU-8238-11A	Solid Tissue Normal
6f008329-5e55-45e5-ba3a-fe327f1c79d3	73d0e265-be65-49bb-b95e-38e5834d0bb5.rna_seq.augmented_star_gene_counts.tsv	Transcriptome Profiling	Gene Expression Quantification	TCGA-STAD	TCGA-HU-8238	TCGA-HU-8238-01A	Primary Tumor
b7e5d610-758f-4762-8ee1-c7913af83aa0	dbcb3fd1-4f6f-4633-a497-f87f2fdeb181.rna_seq.augmented_star_gene_counts.tsv	Transcriptome Profiling	Gene Expression Quantification	TCGA-STAD	TCGA-BR-4294	TCGA-BR-4294-01A	Primary Tumor
52119c8c-29dc-434f-ace1-8f20cc88b2c2	9cbd8b91-f9a1-4eff-b94a-63ed9b39e80d.rna_seq.augmented_star_gene_counts.tsv	Transcriptome Profiling	Gene Expression Quantification	TCGA-STAD	TCGA-BR-8588	TCGA-BR-8588-01A	Primary Tumor
50a86449-68b6-4a14-8c41-a746c82d37ac	3007a0f0-59d9-4f80-8c8e-aefd43c18eaa.rna_seq.augmented_star_gene_counts.tsv	Transcriptome Profiling	Gene Expression Quantification	TCGA-STAD	TCGA-BR-6453	TCGA-BR-6453-11A	Solid Tissue Normal
71ddf775-a418-4464-b427-99d66a4f277b	ed6b4b7c-4c0d-44b3-94bb-4dcb72ad9f60.rna_seq.augmented_star_gene_counts.tsv	Transcriptome Profiling	Gene Expression Quantification	TCGA-STAD	TCGA-BR-6453	TCGA-BR-6453-01A	Primary Tumor
36b4dfe6-7188-4a17-a3cb-884cb863cc8d	37f94e13-36da-4bfa-80f7-4934934106aa.rna_seq.augmented_star_gene_counts.tsv	Transcriptome Profiling	Gene Expression Quantification	TCGA-STAD	TCGA-BR-8381	TCGA-BR-8381-01A	Primary Tumor
02303b08-5683-471f-9f8d-9b43df971afc	6c53c7fb-d90f-46c4-a265-b33d3135fd7b.rna_seq.augmented_star_gene_counts.tsv	Transcriptome Profiling	Gene Expression Quantification	TCGA-STAD	TCGA-BR-6564	TCGA-BR-6564-01A	Primary Tumor
cd4e4afb-439c-4087-a271-424b9178c110	5e507471-f799-4acd-a76e-20f8e1ca880d.rna_seq.augmented_star_gene_counts.tsv	Transcriptome Profiling	Gene Expression Quantification	TCGA-STAD	TCGA-BR-8367	TCGA-BR-8367-01A	Primary Tumor
f6a1719c-3020-4216-96df-08874b08e7c6	a6797b02-b324-43e1-889d-7df8655fbfd8.rna_seq.augmented_star_gene_counts.tsv	Transcriptome Profiling	Gene Expression Quantification	TCGA-STAD	TCGA-BR-6705	TCGA-BR-6705-01A	Primary Tumor
ff5fe97a-865b-4304-818a-3e51876e492a	09bc0cd2-616b-4059-838e-6ee4ee42ccd3.rna_seq.augmented_star_gene_counts.tsv	Transcriptome Profiling	Gene Expression Quantification	TCGA-STAD	TCGA-BR-7959	TCGA-BR-7959-01A	Primary Tumor
b0bcbd25-bbca-403e-a75b-ab617a8b9d6d	81a96975-e12c-4582-9a66-fe84c2eb02f5.rna_seq.augmented_star_gene_counts.tsv	Transcriptome Profiling	Gene Expression Quantification	TCGA-STAD	TCGA-D7-A6F0	TCGA-D7-A6F0-01A	Primary Tumor
e2325626-40f1-45a7-8091-736e4b8cfd5e	4f167f74-e26c-4bc5-aa3a-84105ae0520f.rna_seq.augmented_star_gene_counts.tsv	Transcriptome Profiling	Gene Expression Quantification	TCGA-STAD	TCGA-FP-7998	TCGA-FP-7998-01A	Primary Tumor
7aad2674-f7e5-4338-9f42-59c9caf997a4	1ea73598-0f84-46e1-bb18-4c2999301d7b.rna_seq.augmented_star_gene_counts.tsv	Transcriptome Profiling	Gene Expression Quantification	TCGA-STAD	TCGA-R5-A7ZI	TCGA-R5-A7ZI-01A	Primary Tumor
3b27606c-8315-4d8f-be6d-c47daf93025a	6beda895-7594-470d-a0eb-2ae64fbbc6cd.rna_seq.augmented_star_gene_counts.tsv	Transcriptome Profiling	Gene Expression Quantification	TCGA-STAD	TCGA-RD-A7BW	TCGA-RD-A7BW-01A	Primary Tumor
377df15c-4c0d-4489-9179-80379d82e624	d66593f6-c240-4f34-b68f-5ffff08f3243.rna_seq.augmented_star_gene_counts.tsv	Transcriptome Profiling	Gene Expression Quantification	TCGA-STAD	TCGA-BR-8676	TCGA-BR-8676-01A	Primary Tumor
77ae2eac-a986-4e19-ada3-6b0562c0803e	29d5f1fa-4737-400b-a98e-4dd52affef07.rna_seq.augmented_star_gene_counts.tsv	Transcriptome Profiling	Gene Expression Quantification	TCGA-STAD	TCGA-CD-A487	TCGA-CD-A487-01A	Primary Tumor
6e1944d4-c183-4789-b02c-4f87fb486189	d4479298-e4be-485c-842b-e1d248eec19f.rna_seq.augmented_star_gene_counts.tsv	Transcriptome Profiling	Gene Expression Quantification	TCGA-STAD	TCGA-BR-8486	TCGA-BR-8486-01A	Primary Tumor
7dfb29e4-5b78-4e01-9f8d-3f9653d53185	5c8f7864-93ef-4ba3-be19-794db0330ab0.rna_seq.augmented_star_gene_counts.tsv	Transcriptome Profiling	Gene Expression Quantification	TCGA-STAD	TCGA-HU-A4GU	TCGA-HU-A4GU-01A	Primary Tumor
7cdda61c-1571-4327-a6e4-3d7b347c631f	5968eb40-7ad8-46a5-a74a-6f1e007c268e.rna_seq.augmented_star_gene_counts.tsv	Transcriptome Profiling	Gene Expression Quantification	TCGA-STAD	TCGA-IN-8462	TCGA-IN-8462-01A	Primary Tumor
35faab1a-8082-490f-8f48-ea3580d3fc62	9c1b5898-2206-4ac5-ab94-fc7caa67f587.rna_seq.augmented_star_gene_counts.tsv	Transcriptome Profiling	Gene Expression Quantification	TCGA-STAD	TCGA-VQ-A8PM	TCGA-VQ-A8PM-01A	Primary Tumor
b635b740-7a14-4e03-97dc-3829666889ca	7aa29b8a-b3eb-459f-88ca-933e3a7dffa5.rna_seq.augmented_star_gene_counts.tsv	Transcriptome Profiling	Gene Expression Quantification	TCGA-STAD	TCGA-IN-A6RS	TCGA-IN-A6RS-01A	Primary Tumor
378567dd-a04f-44f2-b306-ccc48a5cf61e	74adab16-aba2-46fc-929f-1e44a2216703.rna_seq.augmented_star_gene_counts.tsv	Transcriptome Profiling	Gene Expression Quantification	TCGA-STAD	TCGA-BR-7723	TCGA-BR-7723-01A	Primary Tumor
0206eb19-aeb3-473d-a83d-df2f0b6ee3a6	d3c564c9-6ba5-448c-b3ea-58c18676f482.rna_seq.augmented_star_gene_counts.tsv	Transcriptome Profiling	Gene Expression Quantification	TCGA-STAD	TCGA-BR-8487	TCGA-BR-8487-01A	Primary Tumor
077dc651-5ec1-4c31-9994-9f8a5f3b3662	9bcf0aa9-f3ed-4d42-a8e8-b20e23a8aa5e.rna_seq.augmented_star_gene_counts.tsv	Transcriptome Profiling	Gene Expression Quantification	TCGA-STAD	TCGA-3M-AB46	TCGA-3M-AB46-01A	Primary Tumor
3c59fa5c-ce61-48a0-9937-a500fa75ffb0	ff5adae0-cf8d-4ed1-9e5e-03a8bb53688f.rna_seq.augmented_star_gene_counts.tsv	Transcriptome Profiling	Gene Expression Quantification	TCGA-STAD	TCGA-BR-4357	TCGA-BR-4357-01A	Primary Tumor
77ca7f4e-79bb-40fa-a556-b553ecc11612	874e4074-5a2b-4bc4-b40f-85f237cfc343.rna_seq.augmented_star_gene_counts.tsv	Transcriptome Profiling	Gene Expression Quantification	TCGA-STAD	TCGA-D7-A748	TCGA-D7-A748-01A	Primary Tumor
5a628458-a14e-4f7a-9cba-645dce0136bd	cd84fdd6-f207-46d5-b9b2-9a0dae7c77d2.rna_seq.augmented_star_gene_counts.tsv	Transcriptome Profiling	Gene Expression Quantification	TCGA-STAD	TCGA-SW-A7EB	TCGA-SW-A7EB-01A	Primary Tumor
90a17658-3bb4-47f7-aeb7-7676da0b7b4c	5f038457-0dc1-4e8c-91f1-9f473454305e.rna_seq.augmented_star_gene_counts.tsv	Transcriptome Profiling	Gene Expression Quantification	TCGA-STAD	TCGA-VQ-A8E2	TCGA-VQ-A8E2-01A	Primary Tumor
bc1ce3a2-c8fb-4bc7-a954-b59c64abae37	48e72b16-4249-4e35-94e0-cf96a6c1068a.rna_seq.augmented_star_gene_counts.tsv	Transcriptome Profiling	Gene Expression Quantification	TCGA-STAD	TCGA-CD-8533	TCGA-CD-8533-01A	Primary Tumor
54a1c106-55d3-42e5-983c-5f21b96aa472	bd944a44-8251-4e0b-9cdc-94e5a454b4f2.rna_seq.augmented_star_gene_counts.tsv	Transcriptome Profiling	Gene Expression Quantification	TCGA-STAD	TCGA-BR-4371	TCGA-BR-4371-01A	Primary Tumor
881128f6-b7f3-4a91-a3a7-357300704857	d13aefe0-533f-4b24-8d36-424eb87b2411.rna_seq.augmented_star_gene_counts.tsv	Transcriptome Profiling	Gene Expression Quantification	TCGA-STAD	TCGA-F1-6177	TCGA-F1-6177-01A	Primary Tumor
9d9f3432-23a6-4ee8-98d3-3e2c32aa02df	d1d5599e-df73-4ad2-974b-1b60042cb024.rna_seq.augmented_star_gene_counts.tsv	Transcriptome Profiling	Gene Expression Quantification	TCGA-STAD	TCGA-HU-A4GP	TCGA-HU-A4GP-01A	Primary Tumor
dddc0f14-a0b7-4ed7-b041-0c6d481d5651	b0ef7601-703b-425f-9965-221a4f1f9374.rna_seq.augmented_star_gene_counts.tsv	Transcriptome Profiling	Gene Expression Quantification	TCGA-STAD	TCGA-HU-A4GP	TCGA-HU-A4GP-11A	Solid Tissue Normal
75c59acd-44c9-4624-8af4-86e131680d2a	98bdfe73-7bfc-4395-a9e8-1adbb51a4a6b.rna_seq.augmented_star_gene_counts.tsv	Transcriptome Profiling	Gene Expression Quantification	TCGA-STAD	TCGA-VQ-A91Q	TCGA-VQ-A91Q-01A	Primary Tumor
f4c98833-0b1f-43d1-a67a-4de6fbf06464	e9c13310-b6a4-411e-808c-2df5fd0e1e24.rna_seq.augmented_star_gene_counts.tsv	Transcriptome Profiling	Gene Expression Quantification	TCGA-STAD	TCGA-HU-8608	TCGA-HU-8608-01A	Primary Tumor
5b5691cb-c4fb-4dcf-ba81-146d0d672c77	dbbbe916-f38d-436a-bc3a-3cca0351a71d.rna_seq.augmented_star_gene_counts.tsv	Transcriptome Profiling	Gene Expression Quantification	TCGA-STAD	TCGA-CD-A486	TCGA-CD-A486-01A	Primary Tumor
5e18d872-4591-4310-a21d-df2d29b8a880	23da6dac-c230-411b-8a81-7c5295971c45.rna_seq.augmented_star_gene_counts.tsv	Transcriptome Profiling	Gene Expression Quantification	TCGA-STAD	TCGA-VQ-A924	TCGA-VQ-A924-01A	Primary Tumor
c0e89e4e-b640-4486-b516-94499ec683fe	f5ceecfb-b844-413a-874f-7e9fc3634a27.rna_seq.augmented_star_gene_counts.tsv	Transcriptome Profiling	Gene Expression Quantification	TCGA-STAD	TCGA-CD-5799	TCGA-CD-5799-01A	Primary Tumor
01095104-f0a7-402f-b10f-c7bbee6171f5	9d96d6d4-36d4-482c-adc0-81c2fa1f2b90.rna_seq.augmented_star_gene_counts.tsv	Transcriptome Profiling	Gene Expression Quantification	TCGA-STAD	TCGA-RD-A7C1	TCGA-RD-A7C1-01A	Primary Tumor
e6413d98-5c4e-460e-b984-9e365096fe2f	95d1c23a-9977-4de0-b78f-b75511be0312.rna_seq.augmented_star_gene_counts.tsv	Transcriptome Profiling	Gene Expression Quantification	TCGA-STAD	TCGA-CG-4465	TCGA-CG-4465-01A	Primary Tumor
9c8a3743-0221-42a3-9d8d-a85637635d9f	75959a41-5e09-46b1-95c4-aef08f082d56.rna_seq.augmented_star_gene_counts.tsv	Transcriptome Profiling	Gene Expression Quantification	TCGA-STAD	TCGA-BR-7716	TCGA-BR-7716-01A	Primary Tumor
dedb44b0-1b68-4471-8003-8a6ee554166a	9e76b324-1c85-476e-af4a-e77fec39fb4d.rna_seq.augmented_star_gene_counts.tsv	Transcriptome Profiling	Gene Expression Quantification	TCGA-STAD	TCGA-BR-7716	TCGA-BR-7716-11A	Solid Tissue Normal
e832c474-935b-48c9-98fa-66dd7503bed5	e7d9799b-bfb9-48bc-8274-df7b5107de4a.rna_seq.augmented_star_gene_counts.tsv	Transcriptome Profiling	Gene Expression Quantification	TCGA-STAD	TCGA-CG-4475	TCGA-CG-4475-01A	Primary Tumor
cb3b426c-643f-4b74-adcb-efca0edc72f5	df005a15-bb7c-4490-973b-abb868c5e682.rna_seq.augmented_star_gene_counts.tsv	Transcriptome Profiling	Gene Expression Quantification	TCGA-STAD	TCGA-VQ-A91Z	TCGA-VQ-A91Z-01A	Primary Tumor
e8d500b5-5af5-4985-b367-eeb4036c27ed	b5ff560b-fc5d-47ff-810c-847e0ef9593a.rna_seq.augmented_star_gene_counts.tsv	Transcriptome Profiling	Gene Expression Quantification	TCGA-STAD	TCGA-VQ-A8PU	TCGA-VQ-A8PU-01A	Primary Tumor
d3d34d0b-404b-4b66-8d4c-579f0bb74cb5	44ea139b-ffe7-4a25-8db3-881cad194873.rna_seq.augmented_star_gene_counts.tsv	Transcriptome Profiling	Gene Expression Quantification	TCGA-STAD	TCGA-D7-6527	TCGA-D7-6527-01A	Primary Tumor
0bbf3ec2-ff7f-4008-b3da-47ce5adf7734	94820f57-8b43-488b-aed9-f4c47687eb16.rna_seq.augmented_star_gene_counts.tsv	Transcriptome Profiling	Gene Expression Quantification	TCGA-STAD	TCGA-VQ-A91N	TCGA-VQ-A91N-01A	Primary Tumor
d03dd2eb-7641-4185-b68d-24c6a82f0980	c72e1b17-f7c0-446a-8923-10aa9475ddf2.rna_seq.augmented_star_gene_counts.tsv	Transcriptome Profiling	Gene Expression Quantification	TCGA-STAD	TCGA-F1-A448	TCGA-F1-A448-01A	Primary Tumor
70076454-90a2-4397-95e1-6ec7fee359a7	c5c10219-427f-4dce-8641-972b9f4650fb.rna_seq.augmented_star_gene_counts.tsv	Transcriptome Profiling	Gene Expression Quantification	TCGA-STAD	TCGA-MX-A666	TCGA-MX-A666-01A	Primary Tumor
5f97704c-a753-4b8c-bb00-698f9e594d03	9c95eb68-acb4-47b6-99d9-13aae921aa35.rna_seq.augmented_star_gene_counts.tsv	Transcriptome Profiling	Gene Expression Quantification	TCGA-STAD	TCGA-BR-8080	TCGA-BR-8080-01A	Primary Tumor
0527c87e-e9fd-4171-940c-288c98784a73	e06783d5-aeb3-4c3c-a0e3-e2ecd88ee6ac.rna_seq.augmented_star_gene_counts.tsv	Transcriptome Profiling	Gene Expression Quantification	TCGA-STAD	TCGA-BR-4367	TCGA-BR-4367-01A	Primary Tumor
deccb24c-efe1-4902-b549-d645594a408d	f979724b-e654-411a-812d-102590d2830e.rna_seq.augmented_star_gene_counts.tsv	Transcriptome Profiling	Gene Expression Quantification	TCGA-STAD	TCGA-VQ-A91S	TCGA-VQ-A91S-01A	Primary Tumor
34299dda-ca45-4103-bcd1-30645c2f86ab	fcd89df9-1e6f-4d19-a205-be0362567c60.rna_seq.augmented_star_gene_counts.tsv	Transcriptome Profiling	Gene Expression Quantification	TCGA-STAD	TCGA-HU-A4H5	TCGA-HU-A4H5-01A	Primary Tumor
ecc43748-bd4e-4cae-ae1e-e430d37b437c	8ce8d471-ca83-4189-b4a0-cd9549fcc8a3.rna_seq.augmented_star_gene_counts.tsv	Transcriptome Profiling	Gene Expression Quantification	TCGA-STAD	TCGA-IN-A6RN	TCGA-IN-A6RN-01A	Primary Tumor
53abe70f-1bd1-46b3-8bdb-f0bb48a4d99c	1c2f4a05-4996-4eb4-8b84-a196e1e79e8e.rna_seq.augmented_star_gene_counts.tsv	Transcriptome Profiling	Gene Expression Quantification	TCGA-STAD	TCGA-FP-7916	TCGA-FP-7916-01A	Primary Tumor
35d8e517-7394-482c-b30a-5d44e7cadd6f	96a4290b-0a19-46f2-bdba-6557a9f8951f.rna_seq.augmented_star_gene_counts.tsv	Transcriptome Profiling	Gene Expression Quantification	TCGA-STAD	TCGA-IN-8663	TCGA-IN-8663-01A	Primary Tumor
18ac8921-f406-4872-88a2-8dd0f06b63b4	d9e5a638-0a22-4a5d-bc00-2551f7460f15.rna_seq.augmented_star_gene_counts.tsv	Transcriptome Profiling	Gene Expression Quantification	TCGA-STAD	TCGA-IN-8663	TCGA-IN-8663-11A	Solid Tissue Normal
5725a5ee-e001-4e39-a896-3458eb3015b5	d2d8ba97-c42c-421d-9452-09befddb4c75.rna_seq.augmented_star_gene_counts.tsv	Transcriptome Profiling	Gene Expression Quantification	TCGA-STAD	TCGA-BR-8590	TCGA-BR-8590-01A	Primary Tumor
be981b2a-5f2a-49e4-92ee-d825c59ecf9e	9c6eb8ac-9581-43b7-a3ca-5ef05a4f6951.rna_seq.augmented_star_gene_counts.tsv	Transcriptome Profiling	Gene Expression Quantification	TCGA-STAD	TCGA-CG-5718	TCGA-CG-5718-01A	Primary Tumor
ea7dd3e0-f023-48cf-b007-a0b754e0028b	dc243f71-2f75-4b8e-b794-b42911424e61.rna_seq.augmented_star_gene_counts.tsv	Transcriptome Profiling	Gene Expression Quantification	TCGA-STAD	TCGA-BR-8682	TCGA-BR-8682-01A	Primary Tumor
bd361c61-5017-43c7-81de-8775439c3872	9101c222-ed62-4a2c-9d19-a7424c154472.rna_seq.augmented_star_gene_counts.tsv	Transcriptome Profiling	Gene Expression Quantification	TCGA-STAD	TCGA-VQ-A8DV	TCGA-VQ-A8DV-01A	Primary Tumor
952b3781-a5b8-4c2f-8ed9-abb3aa746a4a	dffc091a-cc44-471e-8288-610eb64a809c.rna_seq.augmented_star_gene_counts.tsv	Transcriptome Profiling	Gene Expression Quantification	TCGA-STAD	TCGA-HU-A4HD	TCGA-HU-A4HD-01A	Primary Tumor
6f71f316-7ef2-4a7b-9492-bcbfe02dccb3	9292b8a2-bc0c-4e03-b948-e9c94a9dc8e1.rna_seq.augmented_star_gene_counts.tsv	Transcriptome Profiling	Gene Expression Quantification	TCGA-STAD	TCGA-IN-A6RL	TCGA-IN-A6RL-01A	Primary Tumor
90661c48-b39e-4f6e-bc12-8906443411c1	84358be7-0462-4647-8a6e-7d01b9eecd85.rna_seq.augmented_star_gene_counts.tsv	Transcriptome Profiling	Gene Expression Quantification	TCGA-STAD	TCGA-HU-A4GH	TCGA-HU-A4GH-01A	Primary Tumor
dfe7aa23-7ee2-4b3a-afe4-b6e1e8a4c0d4	d17adfee-d618-4946-bc9e-385ee881c413.rna_seq.augmented_star_gene_counts.tsv	Transcriptome Profiling	Gene Expression Quantification	TCGA-STAD	TCGA-HU-A4GH	TCGA-HU-A4GH-11A	Solid Tissue Normal
7926b5c8-5ca3-4b02-a987-044c8f035c35	a63b6f83-9075-4405-b4d0-52eae93252e2.rna_seq.augmented_star_gene_counts.tsv	Transcriptome Profiling	Gene Expression Quantification	TCGA-STAD	TCGA-BR-4257	TCGA-BR-4257-01A	Primary Tumor
bbd204d0-2c39-461e-9629-54a67923a719	2af5df3d-6b3a-4183-b928-7dad457ecb95.rna_seq.augmented_star_gene_counts.tsv	Transcriptome Profiling	Gene Expression Quantification	TCGA-STAD	TCGA-BR-6565	TCGA-BR-6565-01A	Primary Tumor
4458ad87-231d-4a58-968c-b683e3956758	41a808d1-827d-4be9-9c13-16879e128002.rna_seq.augmented_star_gene_counts.tsv	Transcriptome Profiling	Gene Expression Quantification	TCGA-STAD	TCGA-VQ-AA6F	TCGA-VQ-AA6F-01A	Primary Tumor
6333fb6b-5375-4fbd-81d1-8b1eda5f8cb8	b296c14e-b1a3-4cc2-8618-c44546f6fc2b.rna_seq.augmented_star_gene_counts.tsv	Transcriptome Profiling	Gene Expression Quantification	TCGA-STAD	TCGA-D7-A4Z0	TCGA-D7-A4Z0-01A	Primary Tumor
26211ffe-ded4-449c-9212-5a2f44dcd30e	c0949e66-c7f4-4bed-be93-0cd60fe78f98.rna_seq.augmented_star_gene_counts.tsv	Transcriptome Profiling	Gene Expression Quantification	TCGA-STAD	TCGA-IN-AB1V	TCGA-IN-AB1V-11A	Solid Tissue Normal
bce6feaf-ee45-428c-b680-16760f02683f	129e4c47-a271-486e-82ec-2e4449609b75.rna_seq.augmented_star_gene_counts.tsv	Transcriptome Profiling	Gene Expression Quantification	TCGA-STAD	TCGA-IN-AB1V	TCGA-IN-AB1V-01A	Primary Tumor
4c0b56c7-e541-4ba2-a016-22892df9301f	d2b86a7a-435d-4a64-baef-b549a0c9b575.rna_seq.augmented_star_gene_counts.tsv	Transcriptome Profiling	Gene Expression Quantification	TCGA-STAD	TCGA-KB-A93H	TCGA-KB-A93H-01A	Primary Tumor
3c959202-b9a5-4a31-85b4-78539ef6748c	5ffc5f38-0d14-4831-9394-1d62b2bb8295.rna_seq.augmented_star_gene_counts.tsv	Transcriptome Profiling	Gene Expression Quantification	TCGA-STAD	TCGA-BR-6707	TCGA-BR-6707-01A	Primary Tumor
421c005c-a0c6-4cca-8e65-7f99a62c9498	01ae3ff4-a01f-45aa-b7c3-78b81dc4a005.rna_seq.augmented_star_gene_counts.tsv	Transcriptome Profiling	Gene Expression Quantification	TCGA-STAD	TCGA-CD-5801	TCGA-CD-5801-01A	Primary Tumor
e48e4e35-c5d6-45cb-aa75-eae2a3f67517	66fbdfa1-19b7-4da0-9dab-fdb050b58494.rna_seq.augmented_star_gene_counts.tsv	Transcriptome Profiling	Gene Expression Quantification	TCGA-STAD	TCGA-HU-A4GF	TCGA-HU-A4GF-01A	Primary Tumor
fba437e2-4d79-43be-bf62-48d29a76042a	33d3d836-3cd3-4a5b-bb82-6d211b87b64c.rna_seq.augmented_star_gene_counts.tsv	Transcriptome Profiling	Gene Expression Quantification	TCGA-STAD	TCGA-R5-A7ZR	TCGA-R5-A7ZR-01A	Primary Tumor
150bcd89-a770-4a90-82e8-0e9ff90489c2	de29df59-3ae6-4f66-800f-2c73fa524f58.rna_seq.augmented_star_gene_counts.tsv	Transcriptome Profiling	Gene Expression Quantification	TCGA-STAD	TCGA-BR-4280	TCGA-BR-4280-01A	Primary Tumor
cd1b3a20-622c-4a34-835c-fda160f6a748	0ca11bdd-7f3c-405f-a9ca-3468000f0807.rna_seq.augmented_star_gene_counts.tsv	Transcriptome Profiling	Gene Expression Quantification	TCGA-STAD	TCGA-CG-4305	TCGA-CG-4305-01A	Primary Tumor
fa6099bd-09f7-409f-9d53-ed77a886dab2	80c53c81-5fc4-4c2d-abc6-39646aaa035c.rna_seq.augmented_star_gene_counts.tsv	Transcriptome Profiling	Gene Expression Quantification	TCGA-STAD	TCGA-VQ-A94O	TCGA-VQ-A94O-01A	Primary Tumor
d2eec202-28d6-47a4-8ca2-f2ac04ff09e7	34476788-3d87-46a3-934f-d0e83fc78914.rna_seq.augmented_star_gene_counts.tsv	Transcriptome Profiling	Gene Expression Quantification	TCGA-STAD	TCGA-BR-8483	TCGA-BR-8483-01A	Primary Tumor
117cb831-f850-43dd-a75a-72e2e8564668	e86d5656-a703-4d14-9042-d2f9d3925c07.rna_seq.augmented_star_gene_counts.tsv	Transcriptome Profiling	Gene Expression Quantification	TCGA-STAD	TCGA-VQ-A8PP	TCGA-VQ-A8PP-01A	Primary Tumor
bfa8ec9f-191e-40e0-9714-2d76b1378dc3	b5fdddac-3219-4d9a-bdec-ba5a505c154b.rna_seq.augmented_star_gene_counts.tsv	Transcriptome Profiling	Gene Expression Quantification	TCGA-STAD	TCGA-D7-6822	TCGA-D7-6822-01A	Primary Tumor
58241437-55a5-4581-b5ad-027846ba4f0a	0855f58f-2038-4fb9-b897-ece08d73c0e2.rna_seq.augmented_star_gene_counts.tsv	Transcriptome Profiling	Gene Expression Quantification	TCGA-STAD	TCGA-HU-8249	TCGA-HU-8249-01A	Primary Tumor
20aed57d-9f53-43e1-ac0f-14ef033c171a	79946f8f-c71f-477a-985b-0fb923937225.rna_seq.augmented_star_gene_counts.tsv	Transcriptome Profiling	Gene Expression Quantification	TCGA-STAD	TCGA-D7-6519	TCGA-D7-6519-01A	Primary Tumor
77e82ea0-4820-4b4c-aa67-30a0502cb29b	b0739dc7-0076-4de5-9864-8b81b00ced9f.rna_seq.augmented_star_gene_counts.tsv	Transcriptome Profiling	Gene Expression Quantification	TCGA-STAD	TCGA-CD-5798	TCGA-CD-5798-01A	Primary Tumor
0cde61f6-aaaf-40f4-8a32-0e212831aa13	0d8569e2-cc8c-4bcc-b451-b837eb5513d2.rna_seq.augmented_star_gene_counts.tsv	Transcriptome Profiling	Gene Expression Quantification	TCGA-STAD	TCGA-D7-8573	TCGA-D7-8573-01A	Primary Tumor
d904fc2f-f86d-4f8a-b9e6-60e1f72b11ab	bafcf9b6-740a-4793-b505-e8e9c187146d.rna_seq.augmented_star_gene_counts.tsv	Transcriptome Profiling	Gene Expression Quantification	TCGA-STAD	TCGA-BR-6458	TCGA-BR-6458-01A	Primary Tumor
93fa1fec-3d9a-495e-b2c2-d99335fee451	c70111c8-58fd-45e2-95ac-ee3977003ac6.rna_seq.augmented_star_gene_counts.tsv	Transcriptome Profiling	Gene Expression Quantification	TCGA-STAD	TCGA-KB-A93G	TCGA-KB-A93G-01A	Primary Tumor
4bee6505-d935-4299-bd2e-c75c54ec02aa	f6fe1ec5-2747-4339-a707-bccd6bda4713.rna_seq.augmented_star_gene_counts.tsv	Transcriptome Profiling	Gene Expression Quantification	TCGA-STAD	TCGA-BR-8382	TCGA-BR-8382-01A	Primary Tumor
142cf82d-ca3a-4965-8928-2dd9829421c6	3080f414-93b2-4484-9650-e9a2114d0ee7.rna_seq.augmented_star_gene_counts.tsv	Transcriptome Profiling	Gene Expression Quantification	TCGA-STAD	TCGA-CG-5732	TCGA-CG-5732-01A	Primary Tumor
06965c5f-448c-435c-b6bb-e451ad21de51	c1e20403-8f52-49e1-a9c0-23f5923b0caa.rna_seq.augmented_star_gene_counts.tsv	Transcriptome Profiling	Gene Expression Quantification	TCGA-STAD	TCGA-VQ-A8PX	TCGA-VQ-A8PX-01A	Primary Tumor
481e547c-3747-48c8-8d05-af9f89ccd610	97530692-4e06-4e53-b305-6ad3ce90fcd6.rna_seq.augmented_star_gene_counts.tsv	Transcriptome Profiling	Gene Expression Quantification	TCGA-STAD	TCGA-VQ-A94T	TCGA-VQ-A94T-01A	Primary Tumor
a62956ea-70e2-42bd-b7c4-5ce97f8de918	4f85d745-e977-4cca-9d6f-518ca707d6a6.rna_seq.augmented_star_gene_counts.tsv	Transcriptome Profiling	Gene Expression Quantification	TCGA-STAD	TCGA-BR-8677	TCGA-BR-8677-01A	Primary Tumor
2ff8dda0-5c40-49a5-9a6d-0a9618d3a6e2	0fcb4724-0012-4d48-8730-fb57e0da22e3.rna_seq.augmented_star_gene_counts.tsv	Transcriptome Profiling	Gene Expression Quantification	TCGA-STAD	TCGA-VQ-A8E3	TCGA-VQ-A8E3-01A	Primary Tumor
3cd0cf7e-61d9-4c04-b0c7-92e525d82f29	bd062c93-24e0-4b84-8d04-2f0dbd2ccb37.rna_seq.augmented_star_gene_counts.tsv	Transcriptome Profiling	Gene Expression Quantification	TCGA-STAD	TCGA-MX-A663	TCGA-MX-A663-01A	Primary Tumor
de2b0174-ae4a-47ad-93e3-4132de19a4b2	38ebf408-8010-49d6-93e0-0844f31f6448.rna_seq.augmented_star_gene_counts.tsv	Transcriptome Profiling	Gene Expression Quantification	TCGA-STAD	TCGA-CG-4462	TCGA-CG-4462-01A	Primary Tumor
52e295a1-0e9a-475c-b841-bc340dd140df	f104edea-08ee-4add-b115-01b208d6c2c9.rna_seq.augmented_star_gene_counts.tsv	Transcriptome Profiling	Gene Expression Quantification	TCGA-STAD	TCGA-VQ-AA6A	TCGA-VQ-AA6A-01A	Primary Tumor
81fa6827-510c-430e-be99-7c5a0e5f8ff5	c5fc0289-712a-4cf3-96d1-09d1dc2f619a.rna_seq.augmented_star_gene_counts.tsv	Transcriptome Profiling	Gene Expression Quantification	TCGA-STAD	TCGA-VQ-A8E0	TCGA-VQ-A8E0-01A	Primary Tumor
41126fa9-1101-4c2e-ac20-bdfc068a0778	783c4acd-5ebf-4c54-b740-e5a8a0df314d.rna_seq.augmented_star_gene_counts.tsv	Transcriptome Profiling	Gene Expression Quantification	TCGA-STAD	TCGA-CD-A48C	TCGA-CD-A48C-01A	Primary Tumor
a86afe1b-d566-4505-9145-9894615fc843	a34d0be3-a321-4451-ae1a-ca113c47c129.rna_seq.augmented_star_gene_counts.tsv	Transcriptome Profiling	Gene Expression Quantification	TCGA-STAD	TCGA-IN-A6RI	TCGA-IN-A6RI-01A	Primary Tumor
a24df2ea-8fb8-4f27-b82f-a75261fdd161	45ad9906-e72c-4028-abc6-42858e0ecf4d.rna_seq.augmented_star_gene_counts.tsv	Transcriptome Profiling	Gene Expression Quantification	TCGA-STAD	TCGA-D7-8576	TCGA-D7-8576-01A	Primary Tumor
cf4d75c2-78ec-4bbd-bca5-a3f92b6ce7fd	752a68ed-433b-4da9-8e88-b49ba308c53c.rna_seq.augmented_star_gene_counts.tsv	Transcriptome Profiling	Gene Expression Quantification	TCGA-STAD	TCGA-HU-8602	TCGA-HU-8602-01A	Primary Tumor
acc0c3f2-af23-4b46-8f68-392c2c5d73d9	b9c5ef84-48ee-456c-b555-2ec336b3cfd9.rna_seq.augmented_star_gene_counts.tsv	Transcriptome Profiling	Gene Expression Quantification	TCGA-STAD	TCGA-CD-5800	TCGA-CD-5800-01A	Primary Tumor
815ce2d9-e00c-4da1-85f7-c171a9a6b614	f0bb0a00-d412-49b5-a922-0e66e6104c3e.rna_seq.augmented_star_gene_counts.tsv	Transcriptome Profiling	Gene Expression Quantification	TCGA-STAD	TCGA-CD-8531	TCGA-CD-8531-01A	Primary Tumor
1dada972-bcb3-4373-9575-5222af900b67	b931a8f4-e058-40cf-9921-ca36ff44f0d7.rna_seq.augmented_star_gene_counts.tsv	Transcriptome Profiling	Gene Expression Quantification	TCGA-STAD	TCGA-HU-8244	TCGA-HU-8244-01A	Primary Tumor
442329c0-8559-4a67-a465-c4ebd9a46685	a21ab106-7abc-4380-83c5-8346175d64c8.rna_seq.augmented_star_gene_counts.tsv	Transcriptome Profiling	Gene Expression Quantification	TCGA-STAD	TCGA-CG-5722	TCGA-CG-5722-01A	Primary Tumor
d640b9e9-46fc-401c-914b-b7a01324384a	637786cd-8664-4f42-a6b0-3d19ab19e0f2.rna_seq.augmented_star_gene_counts.tsv	Transcriptome Profiling	Gene Expression Quantification	TCGA-STAD	TCGA-CG-5722	TCGA-CG-5722-11A	Solid Tissue Normal
d3e55c8b-0fb5-40e5-bf63-a2b5d41fe642	763c75fb-c276-4f81-a91a-cca26d823006.rna_seq.augmented_star_gene_counts.tsv	Transcriptome Profiling	Gene Expression Quantification	TCGA-STAD	TCGA-D7-A6F2	TCGA-D7-A6F2-01A	Primary Tumor
138ab7a3-4753-434f-a27e-d301fc2fdd38	640bd960-7e4f-4b3d-8565-c542844480a7.rna_seq.augmented_star_gene_counts.tsv	Transcriptome Profiling	Gene Expression Quantification	TCGA-STAD	TCGA-MX-A5UG	TCGA-MX-A5UG-01A	Primary Tumor
525d556d-f746-4f28-9d89-bd5694f8205f	0f038b38-8146-4068-96af-b26e2fa97a2b.rna_seq.augmented_star_gene_counts.tsv	Transcriptome Profiling	Gene Expression Quantification	TCGA-STAD	TCGA-IN-A7NR	TCGA-IN-A7NR-01A	Primary Tumor
75b753cf-1c2b-4510-9098-9fc797007d5c	b0a58bad-9306-4450-9e2e-b3fe199a9ceb.rna_seq.augmented_star_gene_counts.tsv	Transcriptome Profiling	Gene Expression Quantification	TCGA-STAD	TCGA-ZQ-A9CR	TCGA-ZQ-A9CR-01A	Primary Tumor
d28ff63c-3b5c-4918-8ee6-d7c26e3429f6	471bd3b2-2cc3-4c65-9b7b-63979c15ff47.rna_seq.augmented_star_gene_counts.tsv	Transcriptome Profiling	Gene Expression Quantification	TCGA-STAD	TCGA-RD-A8N6	TCGA-RD-A8N6-01A	Primary Tumor
e0fdcf60-407a-4466-9850-d65c0cc296ab	4e8567b9-69d3-4758-b066-bb934f989b1c.rna_seq.augmented_star_gene_counts.tsv	Transcriptome Profiling	Gene Expression Quantification	TCGA-STAD	TCGA-BR-8369	TCGA-BR-8369-01A	Primary Tumor
ee5ae165-b87c-4558-af31-6e2bd325f76f	789cd5dc-3c26-4bae-8b71-bb9f586c21c3.rna_seq.augmented_star_gene_counts.tsv	Transcriptome Profiling	Gene Expression Quantification	TCGA-STAD	TCGA-FP-A8CX	TCGA-FP-A8CX-01A	Primary Tumor
